mission_id,scenario,deviation_at_handover_m,matched_baseline_row,match_residual_m,along_track_lag_rows,along_track_lag_m,along_track_lag_s,baseline_duration_s,mission_delay_pct,recovered_within_5m
M0000,S1,4.410403673927406,815,0.7398394717025717,-9,-4.140890869423629,-0.45,40.75,0.0,1
M0001,S1,6.120329300752962,556,5.669814655542518,4,2.0697767842707435,0.2,27.8,0.7194244604316546,0
M0002,S1,5.07207367388325,768,5.057419217657916,-1,-0.3673702436617532,-0.05,38.400000000000006,0.0,0
M0003,S1,6.622749858528028,1050,0.2013786507035086,-14,-6.6503089414999295,-0.7000000000000001,52.5,0.0,0
M0004,S1,5.381908326981654,616,3.933934861411242,-8,-3.63547998997808,-0.4,30.8,0.0,0
M0005,S1,3.3484374983423937,274,1.7852722922207065,-8,-2.9057344743163758,-0.4,13.7,0.0,1
M0006,S1,3.798671529223428,926,0.3020659305130775,-9,-3.774376674075597,-0.45,46.3,0.0,1
M0007,S1,6.9738933758848605,1304,6.290041229125226,-9,-2.839209914721266,-0.45,65.2,0.0,0
M0008,S1,1.4666781950691967,609,1.4666781950691967,0,0.0,0.0,30.450000000000003,0.0,1
M0009,S1,4.112844376292106,853,2.8491779643133617,-8,-2.947423986724857,-0.4,42.650000000000006,0.0,1
M0010,S1,7.590913629980621,938,7.178702765331443,6,2.5513784299042754,0.3,46.900000000000006,0.6396588486140725,0
M0011,S1,6.86588312003282,1120,2.726970480334126,-14,-6.100386098283934,-0.7000000000000001,56.0,0.0,0
M0012,S1,5.613926588741171,481,2.9091064113846685,-11,-4.606780241238482,-0.55,24.05,0.0,0
M0013,S1,5.390613634121919,544,4.9800414625593765,7,2.381543625051279,0.35,27.200000000000003,1.286764705882353,0
M0014,S1,2.9902376759995675,487,0.4833965406386657,-8,-2.865083048358514,-0.4,24.35,0.0,1
M0015,S1,5.789370378209329,608,5.619032962902864,3,1.3819125599135873,0.15,30.4,0.4934210526315789,0
M0016,S1,6.828253807995333,416,6.620003481317118,6,1.870931689644792,0.3,20.8,1.4423076923076923,0
M0017,S1,5.186230950378968,353,5.071001277433969,3,1.2884381263470177,0.15,17.650000000000002,0.8498583569405099,0
M0018,S1,3.513898220083783,279,2.2766148784753044,-7,-2.871099725064269,-0.35,13.95,0.0,1
M0019,S1,6.244822470772916,303,6.17128699160873,2,0.9957792999347816,0.1,15.15,0.6600660066006601,0
M0020,S1,3.58214874089355,615,3.305787908823985,4,1.4496743292492908,0.2,30.75,0.6504065040650406,1
M0021,S1,0.3063490274844277,750,0.0632230258509324,-1,-0.326246985226021,-0.05,37.5,0.0,1
M0022,S1,2.444405859546928,1227,1.9358733915657356,-4,-1.491748224510843,-0.2,61.35,0.0,1
M0023,S1,2.03393885250828,535,1.159163537547912,-5,-1.529112517232079,-0.25,26.75,0.0,1
M0024,S1,2.844943583593349,327,2.349347438208332,-4,-1.865062711489884,-0.2,16.35,0.0,1
M0025,S1,7.387908696426343,366,0.6508705639189413,-16,-7.498752584819613,-0.8,18.3,0.0,0
M0026,S1,2.8310066846008217,357,2.7382336520809414,-2,-0.9374953949208304,-0.1,17.85,0.0,1
M0027,S1,3.602252425213288,1186,3.602252425213288,0,0.0,0.0,59.3,0.0,1
M0028,S1,2.743716160292945,311,2.742833481026817,1,0.3876037268824035,0.05,15.55,0.3215434083601286,1
M0029,S1,4.949237421321163,980,4.781874673581795,-3,-1.4893753403077312,-0.15,49.0,0.0,1
M0030,S1,5.077634773898043,897,2.728135342966844,-12,-4.077078133700979,-0.6000000000000001,44.85,0.0,0
M0031,S1,5.77390983061296,480,5.768917163394764,-1,-0.394545439264931,-0.05,24.0,0.0,0
M0032,S1,3.565658860671453,756,3.113525248890466,-4,-1.6604924275420103,-0.2,37.8,0.0,1
M0033,S1,3.157270460877421,1377,3.1347670083102326,-1,-0.4033927247770634,-0.05,68.85000000000001,0.0,1
M0034,S1,2.757516948390947,456,2.6944869645238736,2,0.7420465033284813,0.1,22.8,0.4385964912280701,1
M0035,S1,6.775805418476592,312,6.770600704993435,-1,-0.3757781132219975,-0.05,15.6,0.0,0
M0036,S1,11.718811992640235,806,3.88308641671286,-32,-10.69482665405826,-1.6,40.3,0.0,0
M0037,S1,4.583571256302426,369,3.353063749769063,-7,-2.956289256968745,-0.35,18.45,0.0,1
M0038,S1,4.502237887439012,953,2.342232171684744,-12,-3.993200705861796,-0.6000000000000001,47.650000000000006,0.0,1
M0039,S1,4.719100765054511,325,4.577562062517212,3,1.131853645857717,0.15,16.25,0.9230769230769232,1
M0040,S1,2.154140563244184,703,2.055210784615072,-1,-0.452588415256173,-0.05,35.15,0.0,1
M0041,S1,7.890954467278588,189,0.99433922102166,20,7.852228472599691,1.0,9.45,10.582010582010582,0
M0042,S1,4.226024461257161,327,3.998340223485856,-4,-1.3184012655807609,-0.2,16.35,0.0,1
M0043,S1,4.330217368701844,849,4.220544300071007,-2,-0.9708448913796132,-0.1,42.45,0.0,1
M0044,S1,7.309006439090016,296,0.9448254049347536,-22,-7.181052801543743,-1.1,14.8,0.0,0
M0045,S1,3.834744476751739,589,1.913102863176072,-8,-3.3614935555845875,-0.4,29.450000000000003,0.0,1
M0046,S1,1.7527326302089832,793,0.9809908704987608,-3,-1.4675101056325277,-0.15,39.650000000000006,0.0,1
M0047,S1,3.5380683731008165,1203,3.423639161647674,2,0.8507527738029239,0.1,60.150000000000006,0.1662510390689942,1
M0048,S1,9.792547230090529,1206,8.133805409728303,14,5.248531989106084,0.7000000000000001,60.3,1.1608623548922057,0
M0049,S1,6.45320239407899,1598,6.45320239407899,0,0.0,0.0,79.9,0.0,0
M0050,S1,7.134900968753531,1142,6.879209771370999,6,1.9973988167710104,0.3,57.1,0.5253940455341506,0
M0051,S1,6.767780170268182,346,6.379039554746755,-5,-2.394856575799736,-0.25,17.3,0.0,0
M0052,S1,3.6183778915286817,958,0.6026097050780623,-8,-3.647820217728565,-0.4,47.900000000000006,0.0,1
M0053,S1,4.4036829108212165,894,3.657065767955509,8,2.451223538149065,0.4,44.7,0.8948545861297539,1
M0054,S1,5.931248887836656,985,4.57438117665113,-8,-3.717243074471355,-0.4,49.25,0.0,0
M0055,S1,13.252859253998835,682,0.6848768952065167,-40,-13.385481181398518,-2.0,34.1,0.0,0
M0056,S1,6.439525669574915,564,5.728447652881685,-7,-2.750421594397352,-0.35,28.200000000000003,0.0,0
M0057,S1,3.72341683906091,1344,3.1431892871059484,5,1.923034372807024,0.25,67.2,0.3720238095238095,1
M0058,S1,5.921754540309258,206,1.8404669770776771,-14,-5.734243444386408,-0.7000000000000001,10.3,0.0,0
M0059,S1,1.7932887625597418,526,0.3702882213331966,4,1.6173069664507975,0.2,26.3,0.7604562737642585,1
M0060,S1,2.8564521204325253,298,2.2276122237658136,-5,-1.7177815034840336,-0.25,14.9,0.0,1
M0061,S1,11.579310149119731,720,2.405000801598796,-34,-11.02997563755315,-1.7000000000000002,36.0,0.0,0
M0062,S1,5.58878769245169,401,5.58878769245169,0,0.0,0.0,20.05,0.0,0
M0063,S1,0.5998781608782042,860,0.5998781608782042,0,0.0,0.0,43.0,0.0,1
M0064,S1,0.6014559272398515,665,0.6014559272398515,0,0.0,0.0,33.25,0.0,1
M0065,S1,2.063163733188154,1056,1.7938800991285244,2,0.9308067308843988,0.1,52.8,0.1893939393939394,1
M0066,S1,4.602092071431451,290,0.8294696688542664,-15,-4.576941356098388,-0.75,14.5,0.0,1
M0067,S1,15.0649467515467,152,9.61354099857548,24,11.075886537072442,1.2000000000000002,7.6,15.789473684210526,0
M0068,S1,7.461058180464407,1158,0.5697557470564821,-23,-7.390869932958651,-1.15,57.900000000000006,0.0,0
M0069,S1,2.7659126788277786,345,1.8801324876724372,-4,-2.05501179040985,-0.2,17.25,0.0,1
M0070,S1,6.565834198286697,478,3.264978310719436,13,5.622718669804385,0.65,23.9,2.719665271966527,0
M0071,S1,3.2177271887750765,872,3.0446578562303697,-3,-1.23808032815856,-0.15,43.6,0.0,1
M0072,S1,16.91942633167693,315,14.786342790713778,14,6.000373236272452,0.7000000000000001,15.75,4.444444444444445,0
M0073,S1,5.4282427488877865,325,5.259402203584028,4,1.5620947854411753,0.2,16.25,1.2307692307692308,0
M0074,S1,3.9856906540880286,272,3.863159231112454,-3,-1.051044958784516,-0.15,13.6,0.0,1
M0075,S1,7.157176461358944,1112,6.562256623193284,-6,-2.832537260572508,-0.3,55.6,0.0,0
M0076,S1,1.821127440290732,647,1.780743238795385,-1,-0.3968919669677291,-0.05,32.35,0.0,1
M0077,S1,4.307568391335938,362,3.3722739007534424,-9,-2.892341332841724,-0.45,18.1,0.0,1
M0078,S1,8.364745553091215,743,3.4179978596350176,24,7.626457767045935,1.2000000000000002,37.15,3.2301480484522207,0
M0079,S1,4.349816710015966,1154,3.205224170380219,-6,-2.789640030932788,-0.3,57.7,0.0,1
M0080,S1,1.8679411821722267,826,0.5120150272967375,-4,-1.782660470381586,-0.2,41.3,0.0,1
M0081,S1,9.294921804268016,335,8.100882590365385,9,3.406311129127161,0.45,16.75,2.6865671641791047,0
M0082,S1,4.858069505508536,386,4.177777280303016,-6,-2.7000760114210607,-0.3,19.3,0.0,1
M0083,S1,4.633615296270492,488,4.442547335681733,4,1.406856054856917,0.2,24.4,0.819672131147541,1
M0084,S1,9.357678590860056,440,1.6007227295673443,-22,-8.999957059532704,-1.1,22.0,0.0,0
M0085,S1,2.7365650638599908,186,1.8493728390937036,-4,-2.0374697842948137,-0.2,9.3,0.0,1
M0086,S1,5.287082901358791,304,3.978496076091536,7,3.329862307398201,0.35,15.2,2.3026315789473686,0
M0087,S1,1.1048820977636262,322,0.9944969562228476,-1,-0.4151605128967901,-0.05,16.1,0.0,1
M0088,S1,6.143217781083046,1000,5.914335149582138,4,1.5758846185217408,0.2,50.0,0.4,0
M0089,S1,1.0594017171027486,838,0.1453160391941089,3,1.0671402851240828,0.15,41.900000000000006,0.3579952267303102,1
M0090,S1,10.247096207958831,448,0.7213274020890038,-23,-10.131683313264602,-1.15,22.4,0.0,0
M0091,S1,4.5810144432368745,753,1.8062027438094963,-10,-4.003544769470238,-0.5,37.65,0.0,1
M0092,S1,3.434432382057195,1125,1.7976163266071614,-7,-2.987730970662028,-0.35,56.25,0.0,1
M0093,S1,5.451752199405168,1136,5.2789869953708815,3,1.2614614565335387,0.15,56.8,0.2640845070422535,0
M0094,S1,2.352214264999426,473,2.019598630215532,3,1.0806433336341854,0.15,23.65,0.6342494714587738,1
M0095,S1,6.48415141205809,1442,1.4955880231685148,-18,-6.418791285241866,-0.9,72.10000000000001,0.0,0
M0096,S1,3.5514421358394133,606,1.7719905207903437,-7,-2.9938727244887104,-0.35,30.3,0.0,1
M0097,S1,1.9785900527268607,785,1.5885341641443202,-3,-1.292949802954638,-0.15,39.25,0.0,1
M0098,S1,6.856008451739279,842,6.150142657997724,-9,-3.167547657744876,-0.45,42.1,0.0,0
M0099,S1,1.9437838783273853,781,1.875404064932668,1,0.3736251803019854,0.05,39.05,0.1280409731113956,1
M0100,S1,3.788840110303465,1004,3.401934227270782,3,1.4486390483568243,0.15,50.2,0.298804780876494,1
M0101,S1,3.721952768088885,627,2.722877175027269,8,2.485216195302513,0.4,31.35,1.2759170653907497,1
M0102,S1,1.514178634062482,457,1.503281807402674,1,0.4802499041079784,0.05,22.85,0.2188183807439825,1
M0103,S1,5.306236617149823,735,3.819638464590536,-7,-3.5028451515653387,-0.35,36.75,0.0,0
M0104,S1,3.4375308338677946,853,0.7086177914640641,-11,-3.3076892974385146,-0.55,42.650000000000006,0.0,1
M0105,S1,4.912084584833922,253,0.5357439541028131,-11,-4.908454700864269,-0.55,12.65,0.0,1
M0106,S1,3.2825100363623827,324,3.2735003462737704,-1,-0.3581326995402207,-0.05,16.2,0.0,1
M0107,S1,5.243286933232352,575,5.140961562461463,3,1.0172249159577689,0.15,28.75,0.5217391304347826,0
M0108,S1,2.858255452522071,533,0.0566857118423436,8,2.9139734271135467,0.4,26.65,1.50093808630394,1
M0109,S1,4.866558066110692,430,2.414096905815673,-12,-4.192200464803392,-0.6000000000000001,21.5,0.0,1
M0110,S1,3.9573232624081376,1652,1.7037523818487066,-9,-3.363729895929282,-0.45,82.60000000000001,0.0,1
M0111,S1,1.8009503875295734,1472,1.4370863092878363,-3,-1.231550639608031,-0.15,73.60000000000001,0.0,1
M0112,S1,4.870034537886479,456,4.110308250130156,-7,-2.555433262514612,-0.35,22.8,0.0,1
M0113,S1,11.187892935914382,1246,0.8650839091641745,-32,-11.127050892188777,-1.6,62.3,0.0,0
M0114,S1,6.221264385724917,123,5.24314355338309,-7,-3.293059102705122,-0.35,6.15,0.0,0
M0115,S1,8.77407584455708,151,4.510838801230063,19,7.035939250209431,0.95,7.550000000000001,12.582781456953642,0
M0116,S1,6.690351672641311,692,6.420096394669971,-6,-1.8995211796292608,-0.3,34.6,0.0,0
M0117,S1,3.4886091622308912,374,3.388741860000688,-3,-1.039233728857937,-0.15,18.7,0.0,1
M0118,S1,1.0595414651072903,1083,0.8899734393941573,-2,-0.7189075983424686,-0.1,54.150000000000006,0.0,1
M0119,S1,8.644315704676986,841,0.0517029043684977,-22,-8.593226573044035,-1.1,42.05,0.0,0
M0120,S1,5.083312274946323,1463,0.7527194498443411,-11,-4.829334548936345,-0.55,73.15,0.0,0
M0121,S1,5.623513794902551,920,5.506139544700559,3,1.2141204141903472,0.15,46.0,0.3260869565217391,0
M0122,S1,1.4565842110235965,282,1.0718774030735363,-2,-0.8963115835500162,-0.1,14.1,0.0,1
M0123,S1,10.1726495503577,438,3.696534855229491,-23,-9.120457558307123,-1.15,21.9,0.0,0
M0124,S1,1.7750564132179003,304,1.0724963779166017,3,1.3400951465497286,0.15,15.2,0.986842105263158,1
M0125,S1,9.67710085576948,135,1.279122574105914,22,9.668491604412168,1.1,6.75,16.296296296296298,0
M0126,S1,4.008901040712166,734,1.0871275260434154,-9,-3.742920424699321,-0.45,36.7,0.0,1
M0127,S1,4.635196240855634,291,4.605870419263125,2,0.7221731885264973,0.1,14.55,0.6872852233676976,1
M0128,S1,4.396822608577664,577,4.245536996712649,-2,-0.965959362254182,-0.1,28.85,0.0,1
M0129,S1,4.708756290685279,494,4.012413845187475,-6,-2.659539097410089,-0.3,24.700000000000003,0.0,1
M0130,S1,9.302651066161792,719,4.281324855160608,27,8.302811820714652,1.35,35.95,3.755215577190542,0
M0131,S1,2.449860708481947,505,2.449860708481947,0,0.0,0.0,25.25,0.0,1
M0132,S1,1.5317297314462095,462,1.289937473979072,2,0.6688791060954884,0.1,23.1,0.4329004329004329,1
M0133,S1,1.9220022795848264,377,0.2323398527455867,-4,-1.8176650800839127,-0.2,18.85,0.0,1
M0134,S1,8.005711697892043,440,1.0311375046948998,-20,-8.220352295098365,-1.0,22.0,0.0,0
M0135,S1,3.3535328585869086,562,0.759272134401169,-11,-3.38187778085549,-0.55,28.1,0.0,1
M0136,S1,9.673406776441611,964,1.1319436733992303,-21,-9.549978807244145,-1.05,48.2,0.0,0
M0137,S1,3.4428685682991755,575,0.7945306402874187,8,3.463781336044349,0.4,28.75,1.391304347826087,1
M0138,S1,2.559483231709123,330,2.559483231709123,0,0.0,0.0,16.5,0.0,1
M0139,S1,1.63465735666315,943,0.7658644737233743,4,1.5162467325698117,0.2,47.150000000000006,0.4241781548250265,1
M0140,S1,3.9646512112044383,415,3.961311467955378,1,0.4033773375622616,0.05,20.75,0.2409638554216867,1
M0141,S1,6.057199039192791,763,1.4140432774794602,-12,-5.816122785795244,-0.6000000000000001,38.15,0.0,0
M0142,S1,6.170251178204677,251,1.5299948458406196,-14,-5.7577984584702335,-0.7000000000000001,12.55,0.0,0
M0143,S1,6.2052153295210895,1539,4.951395979748066,-10,-4.411481879720554,-0.5,76.95,0.0,0
M0144,S1,5.540326049865773,696,4.734680955423128,-10,-3.0372490542615083,-0.5,34.800000000000004,0.0,0
M0145,S1,0.8950455326506939,654,0.4200901787371471,2,0.6474438629438168,0.1,32.7,0.3058103975535168,1
M0146,S1,20.75270941375506,563,15.144537931055396,27,10.76949231403259,1.35,28.15,4.795737122557727,0
M0147,S1,5.936730344795356,374,5.255707995550429,-7,-2.2494446913976134,-0.35,18.7,0.0,0
M0148,S1,6.532554447573635,1256,3.0497182887477594,15,5.598521239083993,0.75,62.8,1.194267515923567,0
M0149,S1,4.753496775864106,317,4.753496775864106,0,0.0,0.0,15.85,0.0,1
M0150,S1,2.191864910240139,367,0.5379079060784286,-5,-2.0738800598566627,-0.25,18.35,0.0,1
M0151,S1,4.752457707915175,372,4.492803058539394,-4,-1.3814829526135952,-0.2,18.6,0.0,1
M0152,S1,3.173763612605058,416,2.1642608664631973,-6,-2.5505628583332225,-0.3,20.8,0.0,1
M0153,S1,6.035117845008962,474,4.651581943109678,-10,-3.9559976497369576,-0.5,23.700000000000003,0.0,0
M0154,S1,3.3613665358830165,517,3.071134493032685,4,1.2835346970932449,0.2,25.85,0.7736943907156673,1
M0155,S1,2.506236521210368,743,0.3701466487146388,6,2.5271934477876243,0.3,37.15,0.8075370121130552,1
M0156,S1,4.543837469271756,434,2.7799924181526148,-9,-3.500825568806817,-0.45,21.700000000000003,0.0,1
M0157,S1,4.172328376182829,201,1.633629127503922,-9,-3.992199325108516,-0.45,10.05,0.0,1
M0158,S1,3.011196899970236,804,0.3841211718360824,8,3.1883339594046447,0.4,40.2,0.9950248756218906,1
M0159,S1,3.8939763882380087,1418,0.3921359008310979,12,3.7622646603192607,0.6000000000000001,70.9,0.846262341325811,1
M0160,S1,19.48388210238023,174,1.48929326580692,-40,-18.22639525366321,-2.0,8.700000000000001,0.0,0
M0161,S1,3.8928101016250256,1348,3.496233864142952,-5,-1.89229572352798,-0.25,67.4,0.0,1
M0162,S1,0.7970581547650202,474,0.144044931156421,-2,-0.9400008549606298,-0.1,23.700000000000003,0.0,1
M0163,S1,4.564960009302123,764,4.327563622045822,3,1.4422542677415322,0.15,38.2,0.3926701570680628,1
M0164,S1,8.769741248972881,495,1.8139361875718611,-17,-8.225793445899342,-0.8500000000000001,24.75,0.0,0
M0165,S1,6.865064696174326,1294,0.3702236283704583,-16,-7.011948945100926,-0.8,64.7,0.0,0
M0166,S1,6.553359266088289,843,5.847116504704769,-7,-2.8651877130570824,-0.35,42.150000000000006,0.0,0
M0167,S1,11.272798180226811,817,4.418701013860032,-21,-9.191288326187475,-1.05,40.85,0.0,0
M0168,S1,4.99024938114662,1543,1.2882676146679723,-14,-4.734720110507169,-0.7000000000000001,77.15,0.0,1
M0169,S1,0.2487365011628038,1234,0.2487365011628038,0,0.0,0.0,61.7,0.0,1
M0170,S1,3.979991547681205,1191,1.9143147952163084,-10,-3.6035898844194776,-0.5,59.55,0.0,1
M0171,S1,8.120130688266585,491,1.1431354560706155,18,7.913103086687386,0.9,24.55,3.665987780040733,0
M0172,S1,9.041024334247494,612,1.4491044980525087,-27,-8.936467288608213,-1.35,30.6,0.0,0
M0173,S1,4.96489936886468,838,0.9510068173832396,-10,-4.86874330317562,-0.5,41.900000000000006,0.0,1
M0174,S1,5.013153257216205,466,4.556847323656756,-5,-2.065969102213728,-0.25,23.3,0.0,0
M0175,S1,3.838481766256814,306,0.4575241377212035,-10,-3.78727453068673,-0.5,15.3,0.0,1
M0176,S1,4.267602541769995,388,4.191666750733217,-2,-0.8600260011970704,-0.1,19.4,0.0,1
M0177,S1,4.214524973541354,500,0.4431903283137349,11,4.046612527134926,0.55,25.0,2.2,1
M0178,S1,3.400267556145322,151,2.580054661408288,-5,-2.3714462468222592,-0.25,7.550000000000001,0.0,1
M0179,S1,4.0100969283401415,190,3.819997487922607,4,1.3444082123697925,0.2,9.5,2.1052631578947367,1
M0180,S1,0.9596065969064926,608,0.2160953550105907,2,0.7944319760956091,0.1,30.4,0.3289473684210526,1
M0181,S1,2.309734291201951,272,2.14738192571314,-2,-0.9182971049692412,-0.1,13.6,0.0,1
M0182,S1,4.701674529349829,649,4.670827487764907,-2,-0.6886143716569677,-0.1,32.45,0.0,1
M0183,S1,4.869996034287681,314,0.5885966383346997,-12,-4.986084921954301,-0.6000000000000001,15.7,0.0,1
M0184,S1,12.024975931939151,789,2.387540102384498,-33,-11.708200179606706,-1.65,39.45,0.0,0
M0185,S1,10.037439697064949,519,0.4367899761199533,-26,-10.083910311755204,-1.3,25.950000000000003,0.0,0
M0186,S1,11.531973347620434,233,1.3962467198330593,-25,-11.274077619850004,-1.25,11.65,0.0,0
M0187,S1,12.216825494812191,791,0.616969424564881,-36,-12.204898423442271,-1.8,39.55,0.0,0
M0188,S1,5.697503922701554,1013,3.98035797168341,9,4.120024784438954,0.45,50.650000000000006,0.8884501480750246,0
M0189,S1,6.735404084751013,995,6.207032900343238,-6,-2.372974148994331,-0.3,49.75,0.0,0
M0190,S1,3.331638455824295,297,2.7625048167460013,5,1.9405356893936272,0.25,14.85,1.6835016835016836,1
M0191,S1,4.154867206849521,143,0.3873946804310868,-9,-4.031363815874407,-0.45,7.15,0.0,1
M0192,S1,3.411802973175437,579,3.39149308607883,-1,-0.3034415680524773,-0.05,28.950000000000003,0.0,1
M0193,S1,1.3965436841059655,314,1.0121708909800378,-3,-0.995596119870342,-0.15,15.7,0.0,1
M0194,S1,1.0231374146980514,555,0.1765516043831167,-2,-0.9354527176622014,-0.1,27.75,0.0,1
M0195,S1,6.054438637353943,825,0.4825012547156515,-13,-5.908742618290091,-0.65,41.25,0.0,0
M0196,S1,3.0896711396690395,1168,0.9965281959160164,-8,-3.025655288969915,-0.4,58.400000000000006,0.0,1
M0197,S1,5.808146657092147,890,1.4387330185115743,-14,-5.4829788289191015,-0.7000000000000001,44.5,0.0,0
M0198,S1,16.22144893677532,656,2.749006618870516,-40,-13.473092963600834,-2.0,32.800000000000004,0.0,0
M0199,S1,1.157832659093693,846,0.8662334911806184,2,0.7071446521754297,0.1,42.3,0.2364066193853428,1
M0200,S1,7.600361324987513,979,0.367661912578639,-15,-7.417076449750596,-0.75,48.95,0.0,0
M0201,S1,4.12953497451727,980,4.12953497451727,0,0.0,0.0,49.0,0.0,1
M0202,S1,3.7118392128849487,371,3.034822728393624,6,2.174409757762632,0.3,18.55,1.6172506738544474,1
M0203,S1,2.4521039949633345,361,2.16144855658914,3,1.0580292094992956,0.15,18.05,0.8310249307479224,1
M0204,S1,9.021469701357509,856,8.8716972747158,4,1.5533436069191566,0.2,42.8,0.4672897196261682,0
M0205,S1,7.823334065391592,163,7.726102117339581,-2,-1.0335301429614532,-0.1,8.15,0.0,0
M0206,S1,7.6742094887672785,525,7.517456277985329,-4,-1.509460291112532,-0.2,26.25,0.0,0
M0207,S1,5.208029898546132,546,1.0459064060996188,-16,-5.166297881414408,-0.8,27.3,0.0,0
M0208,S1,1.3930546891194446,472,1.3930546891194446,0,0.0,0.0,23.6,0.0,1
M0209,S1,3.9301692335203775,448,3.1595552573874093,-8,-2.472394534379788,-0.4,22.4,0.0,1
M0210,S1,4.644449689777031,1038,0.4294579939635249,-11,-4.510957705552244,-0.55,51.900000000000006,0.0,1
M0211,S1,0.8010497159289652,198,0.1777941896584626,-2,-0.8208162722109478,-0.1,9.9,0.0,1
M0212,S1,11.88339676283696,138,5.232696259791721,-25,-9.775739390156096,-1.25,6.9,0.0,0
M0213,S1,2.448210378205972,339,1.544036912867433,5,1.8277657981764577,0.25,16.95,1.4749262536873156,1
M0214,S1,5.929525349597458,563,5.796421743347845,3,1.266935093903129,0.15,28.15,0.5328596802841918,0
M0215,S1,5.0518258282584485,1252,5.049756462380388,1,0.4749712639300014,0.05,62.6,0.0798722044728434,0
M0216,S1,4.814713732009378,392,4.814713732009378,0,0.0,0.0,19.6,0.0,1
M0217,S1,6.443736034743964,311,3.855567781286854,12,5.401592288584624,0.6000000000000001,15.55,3.858520900321544,0
M0218,S1,12.465472745649368,1015,2.935157227975401,-28,-11.742370187385577,-1.4,50.75,0.0,0
M0219,S1,2.389165098905695,398,0.5419965617114987,-5,-2.1528015960265634,-0.25,19.9,0.0,1
M0220,S1,18.52999511986484,1471,5.962999646463039,-40,-12.57879346209603,-2.0,73.55,0.0,0
M0221,S1,6.971894208444461,808,6.892825673195078,-2,-1.014703065192748,-0.1,40.400000000000006,0.0,0
M0222,S1,2.821557935083838,115,0.1054186446023989,-7,-2.9094033381420843,-0.35,5.75,0.0,1
M0223,S1,3.6286466145003353,582,3.561499945486534,2,0.7026940927087821,0.1,29.1,0.3436426116838488,1
M0224,S1,18.689209769037497,316,5.805703171874485,-40,-13.48259975582387,-2.0,15.8,0.0,0
M0225,S1,2.9221860654274523,265,2.071584283255198,4,1.997875810984354,0.2,13.25,1.509433962264151,1
M0226,S1,12.81417089761699,1198,4.69460124948962,-26,-11.354805460554816,-1.3,59.900000000000006,0.0,0
M0227,S1,4.572422943953996,496,4.550646461647969,1,0.5222976380904072,0.05,24.8,0.2016129032258064,1
M0228,S1,7.990266492998816,684,7.988186117524036,-1,-0.3934168260597062,-0.05,34.2,0.0,0
M0229,S1,3.8260076345901495,1399,3.745115599080564,-2,-0.8209542023322456,-0.1,69.95,0.0,1
M0230,S1,6.3402344470369485,1193,5.615788448638599,-6,-2.992888912889498,-0.3,59.650000000000006,0.0,0
M0231,S1,4.662042652232407,145,4.388083395884375,-5,-1.627187605141046,-0.25,7.25,0.0,1
M0232,S1,2.999373340420688,767,1.821598484435703,8,2.4497996510881705,0.4,38.35,1.0430247718383312,1
M0233,S1,2.974691300475633,347,0.9316601040503696,-9,-2.8756075154064007,-0.45,17.35,0.0,1
M0234,S1,2.2910283436337626,1095,0.3865594324290106,6,2.1609783085565937,0.3,54.75,0.547945205479452,1
M0235,S1,4.627877108825081,300,4.516064791810451,2,0.989041850658424,0.1,15.0,0.6666666666666666,1
M0236,S1,10.356736700399432,664,4.135841213444909,-20,-8.655380185263482,-1.0,33.2,0.0,0
M0237,S1,4.649931476722923,1576,4.302426529542701,-5,-2.120099023869784,-0.25,78.80000000000001,0.0,1
M0238,S1,0.3633393510699693,1163,0.3633393510699693,0,0.0,0.0,58.150000000000006,0.0,1
M0239,S1,3.912586149137246,626,2.7676426158958747,-6,-2.6754106433220386,-0.3,31.3,0.0,1
M0240,S1,6.066213232908035,326,4.882678523301336,-9,-3.434555157458078,-0.45,16.3,0.0,0
M0241,S1,3.984560954453433,274,1.2411738397368923,-11,-3.689786630281233,-0.55,13.7,0.0,1
M0242,S1,2.1826759188199243,1084,2.1119363360721826,-1,-0.4074591249457739,-0.05,54.2,0.0,1
M0243,S1,3.5059322708062486,411,2.0756239125776563,-7,-2.9074144925286878,-0.35,20.55,0.0,1
M0244,S1,13.397251211264606,651,1.6777683935995418,-40,-12.436947912254425,-2.0,32.550000000000004,0.0,0
M0245,S1,4.640580188211763,1073,4.493827643138689,3,1.0514232045385938,0.15,53.650000000000006,0.2795899347623485,1
M0246,S1,1.82964897195131,220,1.3335500627431145,-3,-1.2405769672027418,-0.15,11.0,0.0,1
M0247,S1,1.932224354261424,1408,1.711044366191649,-2,-0.7989866594194837,-0.1,70.4,0.0,1
M0248,S1,12.64491746467248,382,0.4453310586827696,-40,-12.476710402291843,-2.0,19.1,0.0,0
M0249,S1,8.595828886997264,917,0.619169275342264,-21,-8.766253385442951,-1.05,45.85,0.0,0
M0250,S1,5.0846379004165145,668,4.37772513132412,-6,-2.8326754456328445,-0.3,33.4,0.0,0
M0251,S1,2.033153173533517,363,0.9113212671156292,4,1.6754184810390598,0.2,18.15,1.1019283746556474,1
M0252,S1,3.2342152394274315,534,0.228214665287811,-11,-3.267773543015039,-0.55,26.700000000000003,0.0,1
M0253,S1,6.386395667724508,1145,3.161871887410284,12,5.353721948883731,0.6000000000000001,57.25,1.0480349344978166,0
M0254,S1,6.527427771431205,491,6.162217500867947,-6,-2.176346791505864,-0.3,24.55,0.0,0
M0255,S1,5.616705986844787,376,5.591680364219579,1,0.4382262471887657,0.05,18.8,0.2659574468085106,0
M0256,S1,3.3840732193875547,298,1.7887457407861913,-5,-2.6383309233507646,-0.25,14.9,0.0,1
M0257,S1,3.133273267032558,740,1.9538964734082864,-6,-2.530222081147599,-0.3,37.0,0.0,1
M0258,S1,5.587685804363726,1367,2.10309698627539,-14,-5.23541333944803,-0.7000000000000001,68.35000000000001,0.0,0
M0259,S1,1.165644489231586,984,0.336481530006831,2,1.0040821700524134,0.1,49.2,0.2032520325203252,1
M0260,S1,5.658096890812271,1159,1.5676048639252365,-11,-5.519497234940673,-0.55,57.95,0.0,0
M0261,S1,3.4076521666669346,837,2.582206337872909,-7,-2.191089023588262,-0.35,41.85,0.0,1
M0262,S1,2.98181178194308,350,2.065752749915786,-6,-2.087162683041484,-0.3,17.5,0.0,1
M0263,S1,6.230178283171688,278,4.868099272694323,-7,-3.3600572511702893,-0.35,13.9,0.0,0
M0264,S1,0.9777915756591014,319,0.7878495604756416,1,0.4183327765528872,0.05,15.95,0.3134796238244514,1
M0265,S1,8.585038283494153,838,0.2095003650196379,-26,-8.556624042216129,-1.3,41.900000000000006,0.0,0
M0266,S1,3.8531827716570977,277,3.788535467852651,-2,-0.9695674297172728,-0.1,13.85,0.0,1
M0267,S1,3.02489285172428,593,3.024892851724269,0,0.0,0.0,29.65,0.0,1
M0268,S1,10.79630481279679,761,1.667409040824241,-36,-10.660836895150313,-1.8,38.05,0.0,0
M0269,S1,6.206018554082789,379,0.2259479934047936,-14,-6.093676842819178,-0.7000000000000001,18.95,0.0,0
M0270,S1,3.337085687969051,1098,1.5597129762049506,-7,-3.216483679866087,-0.35,54.900000000000006,0.0,1
M0271,S1,6.088538453104478,871,5.874525752569068,-5,-1.6120919855180773,-0.25,43.55,0.0,0
M0272,S1,6.52529764935298,410,6.525297649352966,0,0.0,0.0,20.5,0.0,0
M0273,S1,3.984300049332197,1231,3.715378485452002,4,1.489387270686677,0.2,61.55,0.3249390739236393,1
M0274,S1,2.993946133006583,903,2.935419602684853,2,0.8184494544506151,0.1,45.150000000000006,0.2214839424141749,1
M0275,S1,1.788548657430502,305,1.788548657430502,0,0.0,0.0,15.25,0.0,1
M0276,S1,4.243243995830036,876,2.666496575231525,11,3.4766381582417125,0.55,43.8,1.2557077625570776,1
M0277,S1,6.051520022749334,567,6.014486349276628,-1,-0.4942314310471829,-0.05,28.35,0.0,0
M0278,S1,2.1688285609167632,804,1.5047613837919316,-4,-1.770044217051009,-0.2,40.2,0.0,1
M0279,S1,2.323207245776078,848,2.2455029448459216,2,0.6370105409928897,0.1,42.400000000000006,0.2358490566037736,1
M0280,S1,3.08620791566988,304,2.469004530337336,-4,-1.9842847982915828,-0.2,15.2,0.0,1
M0281,S1,6.594788215957114,260,4.226222692827056,-10,-4.9618354022223485,-0.5,13.0,0.0,0
M0282,S1,1.5541241689413487,406,1.428629948304991,-2,-0.8293730018028782,-0.1,20.3,0.0,1
M0283,S1,3.5649379488049497,918,3.200265645469548,4,1.752461598345917,0.2,45.900000000000006,0.4357298474945534,1
M0284,S1,2.77167461541814,1445,2.6347594990691645,3,0.9162293674147008,0.15,72.25,0.2076124567474048,1
M0285,S1,0.6543482369864424,484,0.3889896423743103,-1,-0.430468699072378,-0.05,24.200000000000003,0.0,1
M0286,S1,4.289879908714993,466,3.638709510163491,7,2.2456286568695987,0.35,23.3,1.502145922746781,1
M0287,S1,4.6478314592500505,353,4.526696155177988,3,1.1420414742050014,0.15,17.650000000000002,0.8498583569405099,1
M0288,S1,5.791199219820711,774,5.75750836895385,2,0.9029562512664028,0.1,38.7,0.2583979328165374,0
M0289,S1,5.0797471551546085,590,5.0797471551546085,0,0.0,0.0,29.5,0.0,0
M0290,S1,2.8236846750830904,484,2.708337016161237,-2,-0.8901533659571044,-0.1,24.200000000000003,0.0,1
M0291,S1,3.43300980362383,600,3.101170399211844,-4,-1.801217126148913,-0.2,30.0,0.0,1
M0292,S1,4.586898747725911,386,3.234805573769681,-9,-3.6014020239776983,-0.45,19.3,0.0,1
M0293,S1,4.298486004693368,838,4.077783161788364,4,1.720327776335182,0.2,41.900000000000006,0.477326968973747,1
M0294,S1,0.4356391579376354,79,0.0974130736695297,1,0.4552575475796203,0.05,3.95,1.2658227848101269,1
M0295,S1,5.752590500473426,141,0.7714479038759998,-11,-5.864130875678093,-0.55,7.050000000000001,0.0,0
M0296,S1,4.930857873977462,796,4.726639780909552,4,1.526365154837265,0.2,39.8,0.5025125628140703,1
M0297,S1,11.17200586462038,294,3.439056140985867,-30,-10.048681406992756,-1.5,14.7,0.0,0
M0298,S1,4.58940966814027,195,4.5319636973404265,2,0.7091978036083475,0.1,9.75,1.0256410256410255,1
M0299,S1,8.790434684907137,824,0.5654040081369797,-25,-8.903293793730597,-1.25,41.2,0.0,0
M0300,S2,4.159512475912222,1376,0.5343371232307168,-9,-4.023391657811544,-0.45,68.8,0.0,1
M0301,S2,2.258953145589113,1014,2.233050009327125,-1,-0.4572199326025838,-0.05,50.7,0.0,1
M0302,S2,4.461396118963953,2210,3.4832617520458498,-6,-2.8850144773181228,-0.3,110.5,0.0,1
M0303,S2,6.64427919496415,2403,5.977062674686221,-7,-2.8703698240166204,-0.35,120.15,0.0,0
M0304,S2,2.5193887546561955,913,1.3143535207480082,-5,-2.126220063432527,-0.25,45.650000000000006,0.0,1
M0305,S2,4.110151425261912,2362,3.7798989303106074,-5,-1.629280963843712,-0.25,118.1,0.0,1
M0306,S2,1.4180775527555434,2323,0.1761234410753384,4,1.3283285967547729,0.2,116.15,0.1721911321566939,1
M0307,S2,7.753750292847157,2331,7.076359494464597,-7,-3.1622232339641414,-0.35,116.55,0.0,0
M0308,S2,7.031434971852491,1524,4.325928526304598,-11,-5.066321739286195,-0.55,76.2,0.0,0
M0309,S2,0.9280309647326326,1596,0.2351970778407115,-2,-0.7325800349867677,-0.1,79.80000000000001,0.0,1
M0310,S2,3.475715262175652,1731,0.214749656197098,-10,-3.304138034175708,-0.5,86.55000000000001,0.0,1
M0311,S2,15.209179483372289,2481,5.498245330588312,-40,-12.470589955840753,-2.0,124.05,0.0,0
M0312,S2,4.476150604483729,1461,4.304202546939548,-4,-1.4469149238980208,-0.2,73.05,0.0,1
M0313,S2,6.265298950307174,2835,6.044882095656089,-4,-1.8710140300108835,-0.2,141.75,0.0,0
M0314,S2,4.44310026658657,1895,0.4002661018734207,-12,-4.23516242832477,-0.6000000000000001,94.75,0.0,1
M0315,S2,2.777993402958649,563,0.3364332938817602,-9,-2.878391548077332,-0.45,28.15,0.0,1
M0316,S2,4.989972854378036,2099,2.920334847027673,-9,-4.3628778843605005,-0.45,104.95,0.0,1
M0317,S2,4.523654855217485,3186,0.5544041581979642,-13,-4.520595646077254,-0.65,159.3,0.0,1
M0318,S2,6.14512327127581,2263,6.043952433252477,-2,-1.0026403359836422,-0.1,113.15,0.0,0
M0319,S2,6.299466599390649,2079,0.2638242468676529,-13,-6.1078682631117545,-0.65,103.95,0.0,0
M0320,S2,3.1133221065284093,1020,1.1846270387752385,-7,-2.770310672103392,-0.35,51.0,0.0,1
M0321,S2,6.566901163680482,816,2.719509911811325,17,6.294364191596969,0.8500000000000001,40.8,2.083333333333333,0
M0322,S2,4.163071420318131,884,2.831280097679904,-9,-2.998961418391445,-0.45,44.2,0.0,1
M0323,S2,4.627692569144279,2370,4.095272945225292,-7,-2.1962958617016284,-0.35,118.5,0.0,1
M0324,S2,11.534115724464188,3583,10.554389083195034,10,3.15155230725668,0.5,179.15,0.2790957298353335,0
M0325,S2,10.089274350728315,1147,9.851017217060534,-5,-2.316823098595364,-0.25,57.35,0.0,0
M0326,S2,6.635788774296122,1503,5.551663460932081,-7,-3.422894380014668,-0.35,75.15,0.0,0
M0327,S2,3.96453169148445,1748,3.399945295351427,-6,-2.476028299487666,-0.3,87.4,0.0,1
M0328,S2,10.058517579920444,2259,0.1640344199066035,-27,-9.895528527140982,-1.35,112.95,0.0,0
M0329,S2,4.386331583370903,2870,0.7712776218737462,-9,-4.243190513500622,-0.45,143.5,0.0,1
M0330,S2,23.28919276570183,657,10.95184754679892,-40,-12.364304277254632,-2.0,32.85,0.0,0
M0331,S2,8.85050793566581,2142,0.856326356067828,-23,-8.847889025950394,-1.15,107.1,0.0,0
M0332,S2,12.965550225063463,923,1.361611550835523,-40,-11.709027542039678,-2.0,46.150000000000006,0.0,0
M0333,S2,3.3848932704046835,1389,2.7890909928886263,-4,-1.9614928891965064,-0.2,69.45,0.0,1
M0334,S2,8.63220480545816,870,1.1506948113494158,23,8.464622837362413,1.15,43.5,2.6436781609195403,0
M0335,S2,12.226841864434911,1105,0.829275181322226,-32,-12.413317488257292,-1.6,55.25,0.0,0
M0336,S2,7.174496267660179,794,6.756946958339933,6,2.475544123396787,0.3,39.7,0.7556675062972292,0
M0337,S2,3.399550608778484,1122,1.113653406765882,-10,-3.343901893844759,-0.5,56.1,0.0,1
M0338,S2,11.14878315502187,1947,1.5723939484666265,-25,-11.186253818443332,-1.25,97.35,0.0,0
M0339,S2,4.936522389738963,2763,4.667190725251226,5,1.890421689132154,0.25,138.15,0.180962721679334,1
M0340,S2,3.5860332876422154,1473,3.121280213071913,-4,-1.8882868720097576,-0.2,73.65,0.0,1
M0341,S2,4.404732925944822,533,4.326302313540648,-3,-1.0417646441505894,-0.15,26.65,0.0,1
M0342,S2,5.408310392003474,1135,4.91205569988871,-5,-2.450108434267918,-0.25,56.75,0.0,0
M0343,S2,0.9997151509336328,3546,0.8478491562869572,-1,-0.3742229997496906,-0.05,177.3,0.0,1
M0344,S2,1.2585296482976926,1373,0.1803051303654637,-3,-1.1958513583198285,-0.15,68.65,0.0,1
M0345,S2,3.630464034086948,3473,2.041394854693811,-6,-2.747687732351324,-0.3,173.65,0.0,1
M0346,S2,4.276105495780853,2890,0.6034419877457339,-11,-4.340696080305861,-0.55,144.5,0.0,1
M0347,S2,4.378062786251671,1707,1.232911336639755,-10,-4.125799161306418,-0.5,85.35000000000001,0.0,1
M0348,S2,5.181582683282012,1284,1.6679579982367905,-10,-5.049925806293118,-0.5,64.2,0.0,0
M0349,S2,3.806956048802462,2435,0.5091882574737868,-12,-3.9029671080613753,-0.6000000000000001,121.75,0.0,1
M0350,S2,10.682564710154423,3357,10.107765832579378,-7,-3.441349644082038,-0.35,167.85000000000002,0.0,0
M0351,S2,5.3219349086557015,753,5.121029759427753,-4,-1.6285801492017526,-0.2,37.65,0.0,0
M0352,S2,3.271602012251015,1690,1.5205881526737828,-8,-2.844000319766792,-0.4,84.5,0.0,1
M0353,S2,3.8903094790104222,2046,2.1340625647942804,-10,-3.164273423997429,-0.5,102.3,0.0,1
M0354,S2,9.972748338576627,2219,9.874692468622364,-3,-1.52455230788496,-0.15,110.95,0.0,0
M0355,S2,3.852337333239836,517,3.78473798217432,-2,-0.794067582948145,-0.1,25.85,0.0,1
M0356,S2,2.6867387198822885,2022,0.2298007653356276,-7,-2.804868485927273,-0.35,101.1,0.0,1
M0357,S2,4.732702054023534,1383,1.3235192915676643,-10,-4.6261181514170175,-0.5,69.15,0.0,1
M0358,S2,2.236031062073826,3036,0.7130089592440985,-7,-2.1825382420855703,-0.35,151.8,0.0,1
M0359,S2,5.927324946478079,1808,5.825996533285064,-3,-1.0719983123872223,-0.15,90.4,0.0,0
M0360,S2,3.506908077370828,713,2.125910953916585,-6,-2.909875813380665,-0.3,35.65,0.0,1
M0361,S2,10.088074255545544,2554,1.3951103768956574,22,9.880083498231444,1.1,127.7,0.8613938919342208,0
M0362,S2,3.627511900114406,2357,0.3279992471113189,-9,-3.4499082732901343,-0.45,117.85,0.0,1
M0363,S2,3.0438102572347523,1040,1.878919846640802,-6,-2.5699155875324777,-0.3,52.0,0.0,1
M0364,S2,1.9068502186925465,2437,0.2207312481609372,-5,-1.933359608398632,-0.25,121.85,0.0,1
M0365,S2,6.239671369224145,874,5.69287248173184,-8,-2.649509440451425,-0.4,43.7,0.0,0
M0366,S2,6.232950745335367,2045,2.4943391534988324,-16,-5.146339205497839,-0.8,102.25,0.0,0
M0367,S2,12.066080123962236,1786,6.073501147327031,32,10.100003359617403,1.6,89.30000000000001,1.7917133258678613,0
M0368,S2,5.2317545517954,966,5.135662289407961,2,0.869874468969499,0.1,48.3,0.2070393374741201,0
M0369,S2,2.7165738804218043,1081,0.7913722595861437,-8,-2.557221562941436,-0.4,54.05,0.0,1
M0370,S2,7.076719034336186,590,1.686815457781819,-16,-6.917911433849326,-0.8,29.5,0.0,0
M0371,S2,2.2828201936824737,2965,1.3612220605385217,4,1.7963974814726953,0.2,148.25,0.1349072512647554,1
M0372,S2,4.602736922999787,2606,3.712696094919372,-9,-2.974769422840268,-0.45,130.3,0.0,1
M0373,S2,6.677658615803098,729,6.298305015642434,-7,-2.201478048339226,-0.35,36.45,0.0,0
M0374,S2,11.076168998920652,1564,7.830126543904637,16,7.149095847601529,0.8,78.2,1.0230179028132993,0
M0375,S2,7.500753498825408,894,6.15795806968479,11,4.035932126947046,0.55,44.7,1.2304250559284116,0
M0376,S2,5.5656311831535,2570,0.909351105086501,15,5.3710601388523855,0.75,128.5,0.5836575875486382,0
M0377,S2,1.5997789330221956,1896,0.6725765534464111,5,1.550372666743442,0.25,94.8,0.2637130801687763,1
M0378,S2,7.210888593486409,1605,1.122735188120703,15,7.370666531339111,0.75,80.25,0.9345794392523364,0
M0379,S2,4.409966530749435,742,4.250696829766286,-3,-1.2565923971725963,-0.15,37.1,0.0,1
M0380,S2,0.3662480832175526,1037,0.3662480832175526,0,0.0,0.0,51.85,0.0,1
M0381,S2,7.662206045489016,1044,1.9623049153508343,20,7.43503364186796,1.0,52.2,1.9157088122605364,0
M0382,S2,6.617369725769318,2110,3.1780069281311247,-17,-5.809355581600698,-0.8500000000000001,105.5,0.0,0
M0383,S2,10.191892092834198,1377,10.175083256867715,-1,-0.4464635382898905,-0.05,68.85000000000001,0.0,0
M0384,S2,11.270073198782448,867,0.4745439130110497,-31,-11.342242602493684,-1.55,43.35,0.0,0
M0385,S2,1.183708400093369,2206,0.6540476787019778,-2,-0.9355026304040166,-0.1,110.3,0.0,1
M0386,S2,3.677992560258648,985,3.659718493043819,1,0.5014326861726772,0.05,49.25,0.1015228426395939,1
M0387,S2,4.496489222514462,2064,0.9794868969216552,-8,-4.182797044342124,-0.4,103.2,0.0,1
M0388,S2,2.878262702794223,1991,1.013925493192846,-9,-2.7424260041290154,-0.45,99.55,0.0,1
M0389,S2,1.633105668964281,2491,1.6025485056494844,1,0.360885813505206,0.05,124.55,0.0401445202729827,1
M0390,S2,3.2906040652131545,1701,0.5858241087197775,-7,-3.4268985636681464,-0.35,85.05000000000001,0.0,1
M0391,S2,7.572453136082186,1610,7.466593791224042,-3,-1.0899975103566248,-0.15,80.5,0.0,0
M0392,S2,5.723251319440115,1998,0.466675704377858,-15,-5.7735853330227656,-0.75,99.9,0.0,0
M0393,S2,3.384495357019028,822,1.524512177694623,-7,-3.002649732534905,-0.35,41.1,0.0,1
M0394,S2,4.499475706358003,2191,1.157103022758601,10,4.425740931278369,0.5,109.55,0.4564125969876768,1
M0395,S2,2.9525771509296823,2322,0.5854001682743226,-7,-3.057220829098924,-0.35,116.1,0.0,1
M0396,S2,4.054385165930907,2285,0.4255747643881295,-9,-4.124644042624141,-0.45,114.25,0.0,1
M0397,S2,13.76969773408755,1685,1.8601840493234976,-34,-13.404776383145077,-1.7000000000000002,84.25,0.0,0
M0398,S2,11.06771568582666,2294,8.293639765097163,15,6.719621392918725,0.75,114.7,0.6538796861377506,0
M0399,S2,1.2464139977246775,854,0.6414340953207346,3,1.1557531605202485,0.15,42.7,0.351288056206089,1
M0400,S2,4.285497810939361,605,1.142602430496737,-11,-4.080335866978231,-0.55,30.25,0.0,1
M0401,S2,7.3739249606637,1364,6.728067560054618,-6,-2.999929761210637,-0.3,68.2,0.0,0
M0402,S2,8.687457420031896,1390,0.2830831867728272,-20,-8.522106333313445,-1.0,69.5,0.0,0
M0403,S2,12.859319176220389,1044,12.857119098321675,-1,-0.3318210344816066,-0.05,52.2,0.0,0
M0404,S2,3.171985532731563,1829,2.969180598527516,-3,-0.9881092342894816,-0.15,91.45,0.0,1
M0405,S2,7.023743524438891,1757,3.3816632813467797,15,6.170951675842048,0.75,87.85000000000001,0.8537279453614115,0
M0406,S2,6.83870313593154,2431,6.45495756539605,7,2.2728882806081856,0.35,121.55,0.2879473467708762,0
M0407,S2,5.103550959693842,1136,0.9436842812274744,-12,-4.930557175207071,-0.6000000000000001,56.8,0.0,0
M0408,S2,9.727318241114506,857,9.151410163239245,6,2.7985493182106325,0.3,42.85,0.7001166861143524,0
M0409,S2,0.564373329261677,1851,0.3775484666853199,-1,-0.3859138110750564,-0.05,92.55,0.0,1
M0410,S2,11.670775585441271,1725,1.5131481440649086,-30,-11.601145218393183,-1.5,86.25,0.0,0
M0411,S2,12.098870188245495,1129,10.891245078969906,-10,-3.679972153139488,-0.5,56.45,0.0,0
M0412,S2,5.738205450225179,1644,4.780162139123911,-7,-2.9111730438080485,-0.35,82.2,0.0,0
M0413,S2,0.756275105577274,2818,0.0838584069563652,-2,-0.7994928983230238,-0.1,140.9,0.0,1
M0414,S2,5.6163918408138,2959,5.61474222552696,1,0.3721092703872273,0.05,147.95000000000002,0.0337952010814464,0
M0415,S2,2.931266224923324,2232,0.2064496961611425,-7,-3.097712662422396,-0.35,111.6,0.0,1
M0416,S2,5.228363396417627,2510,1.8699279767251256,-15,-4.722965172682962,-0.75,125.5,0.0,0
M0417,S2,5.867943348436322,2744,1.2832481045404616,-13,-5.71731684854899,-0.65,137.20000000000002,0.0,0
M0418,S2,11.908804740694167,683,0.936538314373318,-28,-11.79616183951265,-1.4,34.15,0.0,0
M0419,S2,4.479511136682194,2625,0.8217706902793197,-13,-4.373376801367272,-0.65,131.25,0.0,1
M0420,S2,9.608389824507595,1416,1.2312859365719715,-28,-9.50286429744591,-1.4,70.8,0.0,0
M0421,S2,4.542358652606588,921,1.0915869886042198,-10,-4.305866445490381,-0.5,46.05,0.0,1
M0422,S2,6.394964460909671,1717,6.047404705502512,-5,-1.8988893943209175,-0.25,85.85000000000001,0.0,0
M0423,S2,17.832295448152404,3161,4.578375921011469,-40,-13.371742517477514,-2.0,158.05,0.0,0
M0424,S2,7.69684950618757,967,6.220429715391401,-11,-4.30472695394991,-0.55,48.35,0.0,0
M0425,S2,4.727507326943236,868,2.4843153248164205,10,3.8021825316828313,0.5,43.400000000000006,1.152073732718894,1
M0426,S2,4.863941950999073,1634,4.427628999427155,6,2.0650506195037224,0.3,81.7,0.3671970624235006,1
M0427,S2,1.2543547535588295,978,0.1716684402669997,-4,-1.213438789154111,-0.2,48.900000000000006,0.0,1
M0428,S2,1.296643272267639,2785,1.2616870950514796,1,0.3308333019800784,0.05,139.25,0.0359066427289048,1
M0429,S2,14.17041400918318,3445,3.0828995097794447,-40,-12.89957786951868,-2.0,172.25,0.0,0
M0430,S2,6.857319377613188,1861,6.837349250290442,-2,-0.6918807069596369,-0.1,93.05,0.0,0
M0432,S2,6.330627975502829,2538,3.377135328906769,-16,-4.989979482226431,-0.8,126.9,0.0,0
M0433,S2,6.081166629965455,3323,5.555456706827188,-6,-2.523527916413286,-0.3,166.15,0.0,0
M0434,S2,9.400563323309118,1757,1.064238224659671,-20,-9.28203217083319,-1.0,87.85000000000001,0.0,0
M0435,S2,2.4617465924386748,2844,0.1634297767357821,-7,-2.505775959990501,-0.35,142.20000000000002,0.0,1
M0436,S2,8.220428206059438,1241,0.2815311859376843,-25,-8.206813136879703,-1.25,62.05,0.0,0
M0437,S2,16.916169134604207,871,16.431469154483178,-12,-4.098282943757567,-0.6000000000000001,43.55,0.0,0
M0438,S2,7.446720155053567,1732,5.926176965146336,13,4.690228065206725,0.65,86.60000000000001,0.7505773672055427,0
M0439,S2,1.1046028371965737,764,0.1031815163609983,-3,-1.1924617185447346,-0.15,38.2,0.0,1
M0440,S2,2.0413109137715817,1962,1.9527356986829425,2,0.7232730575028654,0.1,98.1,0.1019367991845056,1
M0441,S2,7.3919051268457885,1866,7.363879565029725,2,0.8838423853562745,0.1,93.3,0.1071811361200428,0
M0442,S2,4.0297793968829865,654,0.2694787935908923,-10,-3.902174682893275,-0.5,32.7,0.0,1
M0443,S2,8.103423375347408,862,3.131203314055645,16,7.461516783526747,0.8,43.1,1.8561484918793505,0
M0444,S2,10.683369568693632,3087,9.946450194558766,-9,-3.761321688446742,-0.45,154.35000000000002,0.0,0
M0446,S2,3.3066398163852644,2090,3.3066398163852644,0,0.0,0.0,104.5,0.0,1
M0447,S2,2.01914788063535,1044,0.1850714655465981,-4,-2.04702797649054,-0.2,52.2,0.0,1
M0448,S2,11.447096629159718,1059,11.223192557211842,5,2.0707384681784333,0.25,52.95,0.4721435316336166,0
M0449,S2,3.7077513743035806,1612,0.1831588670589655,-11,-3.826392145533873,-0.55,80.60000000000001,0.0,1
M0450,S2,8.165317120506833,918,0.4788475807116053,-26,-8.119367505505863,-1.3,45.900000000000006,0.0,0
M0451,S2,5.4927087716316585,1284,5.468365137813009,-1,-0.4930670567423476,-0.05,64.2,0.0,0
M0452,S2,6.325696582627415,1576,5.2953398835577286,-8,-3.5456855010321533,-0.4,78.80000000000001,0.0,0
M0453,S2,3.782045107211428,3079,0.2617416395179094,-8,-3.928159194020964,-0.4,153.95000000000002,0.0,1
M0454,S2,0.3341483302268456,1716,0.0459451654729033,-1,-0.3049082046717331,-0.05,85.80000000000001,0.0,1
M0455,S2,2.4503529323476005,1971,2.4503529323476005,0,0.0,0.0,98.55,0.0,1
M0456,S2,2.0590521876827945,1273,0.2282973370791275,-5,-1.960579320154636,-0.25,63.650000000000006,0.0,1
M0457,S2,3.900873833549352,1068,0.124976614223426,-10,-4.013384647328564,-0.5,53.400000000000006,0.0,1
M0458,S2,3.366780359619596,991,1.2069673817645945,-8,-3.009036109358476,-0.4,49.55,0.0,1
M0459,S2,4.134225086756755,1021,4.134225086756755,0,0.0,0.0,51.05,0.0,1
M0460,S2,4.13461518544001,1463,3.0029719081484734,-6,-2.7626776957681614,-0.3,73.15,0.0,1
M0461,S2,2.528285038667188,2532,1.926944480401641,-4,-1.6112167061847913,-0.2,126.6,0.0,1
M0462,S2,0.3615941729282275,1451,0.3615941729282275,0,0.0,0.0,72.55,0.0,1
M0463,S2,5.170434569301336,2300,3.794230947466831,-9,-3.621766567297527,-0.45,115.0,0.0,0
M0464,S2,3.974710645076754,1022,2.713368508356933,-6,-2.9555720757740005,-0.3,51.1,0.0,1
M0465,S2,6.101283490923083,2023,2.155135373502106,-17,-5.734461977081651,-0.8500000000000001,101.15,0.0,0
M0466,S2,4.043730010128065,3280,0.8762711293956728,-11,-3.843357816886737,-0.55,164.0,0.0,1
M0467,S2,3.141596800587036,1413,0.3621036692572258,-7,-2.927293464804393,-0.35,70.65,0.0,1
M0468,S2,2.3772777122808253,674,0.1612979560235271,-6,-2.537953743882497,-0.3,33.7,0.0,1
M0469,S2,1.5552189421533742,2005,0.2495842751806157,-5,-1.5659255494427953,-0.25,100.25,0.0,1
M0470,S2,6.5160541208691765,3553,2.741185396602273,-19,-6.056885590800903,-0.95,177.65,0.0,0
M0471,S2,5.60274682152023,3085,5.211598560227385,-5,-1.6367567594624006,-0.25,154.25,0.0,0
M0472,S2,5.420309038043126,2310,3.489598978615152,-8,-3.941821907173562,-0.4,115.5,0.0,0
M0473,S2,1.847180284197645,1041,0.2907304234343277,-4,-1.885922414309107,-0.2,52.05,0.0,1
M0474,S2,1.82705322529622,2792,1.3615859282406442,-3,-1.310775283274097,-0.15,139.6,0.0,1
M0475,S2,4.14475411010068,1915,3.441222079751791,-5,-2.260927348884593,-0.25,95.75,0.0,1
M0476,S2,1.117965056922807,2020,1.0717111095923917,1,0.4149292969008229,0.05,101.0,0.0495049504950495,1
M0477,S2,1.984540990643906,1315,1.984540990643906,0,0.0,0.0,65.75,0.0,1
M0478,S2,3.762733401810033,928,1.8174600828865204,7,3.221336462046793,0.35,46.400000000000006,0.7543103448275862,1
M0480,S2,4.842355022781541,2050,4.657116943337581,4,1.340591958344589,0.2,102.5,0.1951219512195122,1
M0481,S2,3.281018091109354,524,1.9666742378236028,-6,-2.5520447814360807,-0.3,26.200000000000003,0.0,1
M0482,S2,4.227904645235302,1915,2.6261700517126325,7,3.237633236985289,0.35,95.75,0.3655352480417754,1
M0483,S2,4.618144158243252,2051,0.26389663072858,-12,-4.478374125872165,-0.6000000000000001,102.55,0.0,1
M0484,S2,3.18814311964836,1792,0.6464528120957438,-8,-3.1391278929869486,-0.4,89.60000000000001,0.0,1
M0485,S2,8.086303233348104,1865,7.880569702244425,-3,-1.510380552042534,-0.15,93.25,0.0,0
M0486,S2,4.805567170207878,1337,3.4562260230991666,8,3.4925323912051454,0.4,66.85000000000001,0.5983545250560958,1
M0487,S2,5.815585866712851,2629,0.6225223746235667,-12,-5.858554829769901,-0.6000000000000001,131.45000000000002,0.0,0
M0488,S2,0.6884874054295027,1494,0.184223833040074,2,0.858858078421008,0.1,74.7,0.1338688085676037,1
M0489,S2,6.130634044453809,2809,3.496673959832947,-16,-5.033279683626574,-0.8,140.45000000000002,0.0,0
M0490,S2,4.374542460514275,2065,1.1617017019885023,-8,-4.040915538853142,-0.4,103.25,0.0,1
M0491,S2,5.731303289217686,1410,5.697084547114353,-1,-0.4544790122722588,-0.05,70.5,0.0,0
M0492,S2,4.349962599549235,1216,0.4012916349506568,-14,-4.460941017883101,-0.7000000000000001,60.8,0.0,1
M0493,S2,0.7625707126259164,2568,0.5952646584354248,2,0.6281574644951888,0.1,128.4,0.0778816199376947,1
M0494,S2,1.9905819415738288,1091,0.3170577238166206,-6,-2.0715907896491785,-0.3,54.55,0.0,1
M0495,S2,1.5512499996258275,784,1.470802257150061,1,0.4389689045380009,0.05,39.2,0.1275510204081632,1
M0496,S2,10.020152743835917,2021,1.4630813752610463,21,9.8350777396588,1.05,101.05,1.0390895596239484,0
M0497,S2,11.560692788968522,1709,10.46396255420645,-12,-5.095709530962267,-0.6000000000000001,85.45,0.0,0
M0498,S2,2.8259921527471072,2989,1.5623249382990494,-5,-2.166229096890902,-0.25,149.45000000000002,0.0,1
M0499,S2,1.955804764895975,1023,1.0811117882377823,-4,-1.6198807759078022,-0.2,51.150000000000006,0.0,1
M0500,S2,3.551905866081744,2029,3.456814460520236,-2,-0.9129682932632476,-0.1,101.45,0.0,1
M0501,S2,2.379307268205252,1029,0.0488498929888153,-7,-2.370741429266332,-0.35,51.45,0.0,1
M0502,S2,8.478277344025157,2994,1.290150369896725,-28,-8.436119651544686,-1.4,149.70000000000002,0.0,0
M0503,S2,8.308785491589742,1911,0.3119293662572016,-21,-8.182740189191918,-1.05,95.55,0.0,0
M0504,S2,1.9799940978094817,1993,0.1806981702131237,-5,-2.016409034395565,-0.25,99.65,0.0,1
M0505,S2,1.7272763841794452,1146,0.4501062499914108,-4,-1.8857663999419856,-0.2,57.3,0.0,1
M0506,S2,5.017541888551341,2438,1.5207855141599167,-15,-4.918236091138965,-0.75,121.9,0.0,0
M0507,S2,9.37849961999974,1658,8.76939331429633,-11,-3.135158194664712,-0.55,82.9,0.0,0
M0508,S2,2.3732378616918144,1042,2.244122135296715,-2,-0.8768906116055746,-0.1,52.1,0.0,1
M0509,S2,2.352159579979917,2645,1.2148725239246307,-6,-2.103962942387625,-0.3,132.25,0.0,1
M0510,S2,3.633571637769625,2203,3.0032115479638883,-5,-2.003609437680211,-0.25,110.15,0.0,1
M0511,S2,2.447284463209161,1032,0.3084160945628963,-7,-2.4444342108301385,-0.35,51.6,0.0,1
M0512,S2,8.451173903544944,1019,0.5827194965947828,24,8.52034963438905,1.2000000000000002,50.95,2.355250245338567,0
M0513,S2,3.8058956727027264,2298,3.1123533709381603,-7,-2.2097770597994213,-0.35,114.9,0.0,1
M0514,S2,6.720608088196076,745,5.627059582247738,-8,-3.852528369977051,-0.4,37.25,0.0,0
M0515,S2,5.187585071811579,2475,2.776042780669484,11,4.322034070712903,0.55,123.75,0.4444444444444444,0
M0516,S2,7.038880989924944,1477,7.030379814245467,1,0.3938596533851068,0.05,73.85000000000001,0.0677048070412999,0
M0517,S2,8.130081790577577,896,1.1505145580178022,-20,-8.185480342819858,-1.0,44.8,0.0,0
M0518,S2,4.459919922822853,1143,3.62256318978018,-5,-2.494205338307097,-0.25,57.150000000000006,0.0,1
M0519,S2,2.672120985498397,1007,0.7839971984483695,-6,-2.670715509136926,-0.3,50.35,0.0,1
M0520,S2,12.566393171549263,597,12.213646940580484,-7,-2.1151476296470832,-0.35,29.85,0.0,0
M0521,S2,5.154557877673226,2159,3.7366414091149,-9,-3.590196794141661,-0.45,107.95,0.0,0
M0522,S2,3.170626008343256,1574,2.286831229559898,-6,-2.247018819182585,-0.3,78.7,0.0,1
M0523,S2,3.180345493749813,1240,0.2847337287968727,-8,-3.001988760010022,-0.4,62.0,0.0,1
M0524,S2,6.410947816665381,877,0.4216527845478092,-21,-6.549791140232344,-1.05,43.85,0.0,0
M0525,S2,4.289474195586148,2339,3.362358263295834,-6,-2.548304570449318,-0.3,116.95,0.0,1
M0526,S2,3.5473177647432297,1901,0.1164889686338379,-9,-3.5192287382452605,-0.45,95.05,0.0,1
M0527,S2,0.6921411090620592,831,0.5157056656171704,-1,-0.3974963241140017,-0.05,41.55,0.0,1
M0528,S2,2.7144213195573474,1754,0.1109792401701982,-9,-2.823968941347175,-0.45,87.7,0.0,1
M0529,S2,3.4984694611251568,2186,0.3115818031510436,-9,-3.652192153229862,-0.45,109.3,0.0,1
M0530,S2,2.516496466029592,2520,0.4663971703221052,-7,-2.4894058714971834,-0.35,126.0,0.0,1
M0531,S2,4.75703761618,2461,1.6864879052378037,-9,-4.330518819115468,-0.45,123.05,0.0,1
M0532,S2,3.7280978601009465,572,0.2390988567857883,-9,-3.7513355122005407,-0.45,28.6,0.0,1
M0533,S2,17.094613095978055,1026,17.082722403185404,-2,-0.7592849384538454,-0.1,51.3,0.0,0
M0534,S2,9.082784632357743,1562,8.100406547902617,9,3.794997020798178,0.45,78.10000000000001,0.5761843790012804,0
M0535,S2,3.9808044406981424,2115,3.609310697072437,-4,-1.759603463185158,-0.2,105.75,0.0,1
M0536,S2,4.450973585918266,1920,0.0760614335926425,-13,-4.509443598621715,-0.65,96.0,0.0,1
M0537,S2,1.983590023174452,2269,0.325103975714194,-5,-2.1315751183645943,-0.25,113.45,0.0,1
M0538,S2,3.767367301003084,610,3.748265486994494,1,0.4562807334193053,0.05,30.5,0.1639344262295081,1
M0539,S2,3.053664239886858,1058,1.298691642396028,-9,-2.7815551718167058,-0.45,52.900000000000006,0.0,1
M0540,S2,6.640571340955943,1165,4.037123399231975,-12,-4.6755423338449305,-0.6000000000000001,58.25,0.0,0
M0541,S2,4.917432787703054,2838,1.6618912692207073,-10,-4.64297366711412,-0.5,141.9,0.0,1
M0542,S2,3.232107583021308,1466,1.8799934899622,-6,-2.5279613685673894,-0.3,73.3,0.0,1
M0543,S2,2.693654600983413,2111,2.693654600983413,0,0.0,0.0,105.55,0.0,1
M0544,S2,3.681595291356923,2783,1.355300236850821,-9,-3.5446388054858744,-0.45,139.15,0.0,1
M0545,S2,1.266364505421076,3288,1.1047276582496244,-1,-0.4968588229623947,-0.05,164.4,0.0,1
M0546,S2,6.434806119103723,2220,4.179938719441263,-11,-5.367774657498785,-0.55,111.0,0.0,0
M0547,S2,12.805463233140577,2350,9.571478150943069,16,8.023265651611837,0.8,117.5,0.6808510638297872,0
M0548,S2,5.145160493059404,2548,2.347336306072708,-14,-4.361218981386287,-0.7000000000000001,127.4,0.0,0
M0549,S2,7.820333676407352,1540,0.2653593806838774,-19,-7.901998418995618,-0.95,77.0,0.0,0
M0550,S2,3.8113399266833583,2043,0.4943759052194938,-10,-3.731815255110632,-0.5,102.15,0.0,1
M0551,S2,3.7513308439750257,1068,0.347588224735587,-10,-3.629795779500967,-0.5,53.400000000000006,0.0,1
M0552,S2,2.935524098729657,1670,0.5806091309315493,-9,-2.8453485626230304,-0.45,83.5,0.0,1
M0553,S2,6.135101646655576,761,5.977557770018037,-3,-1.4084818715772371,-0.15,38.05,0.0,0
M0554,S2,1.9731823180389103,1823,0.1503504370043074,-6,-2.123421129608346,-0.3,91.15,0.0,1
M0555,S2,4.635022884917362,2808,0.2597978969327497,-10,-4.878122459115275,-0.5,140.4,0.0,1
M0556,S2,4.328367533736732,1110,0.6022391993798738,-10,-4.368918505853799,-0.5,55.5,0.0,1
M0557,S2,4.357218362591181,2766,0.130057723012429,-10,-4.486193503159257,-0.5,138.3,0.0,1
M0558,S2,4.499468835574852,2114,4.203402044261148,-3,-1.3983370776484207,-0.15,105.7,0.0,1
M0559,S2,4.500830222389745,1611,0.5332680156630037,-13,-4.370811750860753,-0.65,80.55000000000001,0.0,1
M0560,S2,4.009430031231977,1615,3.914223665648633,-2,-0.8039880732620759,-0.1,80.75,0.0,1
M0561,S2,5.766403245122841,2371,2.151078903090899,-13,-5.385478281271276,-0.65,118.55,0.0,0
M0562,S2,3.803591567508987,1422,0.503132533049795,-10,-3.857747329497101,-0.5,71.10000000000001,0.0,1
M0563,S2,3.508852933214224,1236,3.175639275719966,-4,-1.6253156855623845,-0.2,61.8,0.0,1
M0564,S2,6.945160455203083,2556,1.1537982684539938,-14,-6.886956656964458,-0.7000000000000001,127.8,0.0,0
M0567,S2,2.1793426479532667,3537,1.5578829933333014,-4,-1.5020128392770855,-0.2,176.85000000000002,0.0,1
M0568,S2,3.292575413213478,1960,0.1988475392438646,-8,-3.4570823824340096,-0.4,98.0,0.0,1
M0569,S2,3.8375194436515208,1544,0.1377449646266339,-12,-3.968521829417512,-0.6000000000000001,77.2,0.0,1
M0570,S2,3.4690696418185736,690,0.2295290582858176,-7,-3.433634190315104,-0.35,34.5,0.0,1
M0571,S2,5.525711271281988,2539,5.507066212165169,1,0.4571393020401046,0.05,126.95,0.0393855848759354,0
M0572,S2,2.442630282856828,1310,2.047588287649928,3,1.4339500032756405,0.15,65.5,0.2290076335877862,1
M0573,S2,1.6637429116180853,534,1.0116273722981777,-4,-1.493869822861484,-0.2,26.700000000000003,0.0,1
M0574,S2,3.118564203379526,2540,0.0097483273136978,-8,-3.1129107761062187,-0.4,127.0,0.0,1
M0575,S2,17.671904100343475,718,16.652168382386353,-20,-6.489514971668285,-1.0,35.9,0.0,0
M0576,S2,20.042102916020315,3455,13.55747404538705,24,11.305356690304734,1.2000000000000002,172.75,0.6946454413892909,0
M0577,S2,6.499334879474205,1740,2.843263200492627,-16,-5.937743447251364,-0.8,87.0,0.0,0
M0578,S2,5.201573695891709,2193,4.7364755147006665,5,1.9064299871712365,0.25,109.65,0.2279981760145918,0
M0579,S2,4.551258141536946,1039,1.0052256381968945,-14,-4.519953748081605,-0.7000000000000001,51.95,0.0,1
M0580,S2,2.416846895775872,1680,0.8002936972428009,-7,-2.4058349802633074,-0.35,84.0,0.0,1
M0581,S2,3.5521299899594627,1891,1.6360260742612966,-8,-3.069706718570501,-0.4,94.55,0.0,1
M0582,S2,6.251213170359713,1095,1.5709008335663568,-15,-6.213888777734155,-0.75,54.75,0.0,0
M0583,S2,2.175779168437873,1695,0.7306769330640702,-7,-2.0567289482179945,-0.35,84.75,0.0,1
M0584,S2,4.623743710055785,1802,2.5570892238198204,-9,-3.828769858135729,-0.45,90.1,0.0,1
M0585,S2,7.423243566713365,1031,6.913845383598786,-6,-2.753108694703485,-0.3,51.55,0.0,0
M0586,S2,15.227227283195072,2400,8.786279658111443,-26,-12.442863738681126,-1.3,120.0,0.0,0
M0587,S2,3.059905294419983,2421,0.5466357925754886,-7,-2.9703982190656006,-0.35,121.05,0.0,1
M0588,S2,14.694332453844384,1439,5.040402175324507,-40,-12.03409890279795,-2.0,71.95,0.0,0
M0589,S2,5.337345266116583,3161,5.337345266116597,0,0.0,0.0,158.05,0.0,0
M0590,S2,7.766111105307281,1726,7.753097840747684,1,0.4284393486512954,0.05,86.30000000000001,0.0579374275782155,0
M0591,S2,7.8126058524977555,2861,7.5518827965594415,-6,-2.010275623503503,-0.3,143.05,0.0,0
M0592,S2,2.7684724531273743,1557,0.1938867031280374,-7,-2.8894309797351525,-0.35,77.85000000000001,0.0,1
M0593,S2,6.801158378929173,1259,0.9616925967943228,-16,-6.741819747306295,-0.8,62.95,0.0,0
M0594,S2,9.24400182947697,2423,8.526108633298099,9,3.193992590117091,0.45,121.15,0.3714403631861329,0
M0595,S2,5.398963205363383,2409,0.5713129232240164,-11,-5.489227018987776,-0.55,120.45,0.0,0
M0596,S2,4.38857538267562,2850,2.548491077792088,-7,-3.4603195179263366,-0.35,142.5,0.0,1
M0597,S2,10.568971747348462,995,5.172095908491383,24,8.11495674702087,1.2000000000000002,49.75,2.412060301507537,0
M0598,S2,6.342330104417283,1975,6.157740486971502,4,1.815294571413915,0.2,98.75,0.2025316455696202,0
M0599,S2,6.70396980695653,1409,6.216559357717877,-6,-2.723845225257037,-0.3,70.45,0.0,0
M0600,S3,4.705419171630985,2803,4.598767796389929,-2,-0.9835027806047948,-0.1,140.15,0.0,1
M0601,S3,2.9368615785926395,1528,0.1946900646525194,-8,-3.014720130020237,-0.4,76.4,0.0,1
M0602,S3,4.404990184337364,5217,1.1565198021232352,-13,-4.154361793845965,-0.65,260.85,0.0,1
M0603,S3,4.489119827844342,1534,4.054863754986792,-5,-1.908790105484968,-0.25,76.7,0.0,1
M0604,S3,7.897678648100894,2281,6.084525733891284,10,4.838533161188252,0.5,114.05,0.4384042086804033,0
M0605,S3,3.981955816814301,4711,2.978440932056482,7,2.6134246272808923,0.35,235.55,0.1485884101040119,1
M0606,S3,4.689047163714214,4497,3.529017328543581,-7,-3.273112664932796,-0.35,224.85,0.0,1
M0607,S3,4.600191836344061,4142,4.413878292748934,3,1.3697257342398643,0.15,207.1,0.0724287783679381,1
M0608,S3,4.727599472449603,3282,0.039726611905597,-10,-4.7672179863495785,-0.5,164.10000000000002,0.0,1
M0609,S3,4.443079524785535,2478,2.278293652486828,11,3.7785302956485793,0.55,123.9,0.4439063761097659,1
M0610,S3,0.9239372880881204,4610,0.6228491622210961,2,0.7111240088336217,0.1,230.5,0.0433839479392624,1
M0611,S3,7.747469055027781,2288,2.6957519080643104,18,7.1956927358710345,0.9,114.4,0.7867132867132867,0
M0612,S3,5.724463506331819,4382,4.542395208474557,-9,-3.44799358234809,-0.45,219.1,0.0,0
M0613,S3,13.923563195930331,1882,3.424932663079647,-30,-12.274699089918954,-1.5,94.1,0.0,0
M0614,S3,4.571577921917309,4288,4.535063275602072,1,0.4418526212202778,0.05,214.4,0.023320895522388,1
M0615,S3,5.620448209002332,1859,3.2420595239163834,-11,-4.097210255751293,-0.55,92.95,0.0,0
M0616,S3,5.353358532582584,1194,3.334886767999843,11,4.267882561524289,0.55,59.7,0.9212730318257956,0
M0617,S3,5.833614251261778,2266,0.5836110267709395,-13,-5.963770466453752,-0.65,113.3,0.0,0
M0618,S3,4.017204915711478,1280,3.145348801654828,-6,-2.3086018344524746,-0.3,64.0,0.0,1
M0619,S3,6.097738853497775,3845,6.097738853497763,0,0.0,0.0,192.25,0.0,0
M0620,S3,2.439966811902757,2048,0.3581145829465171,-6,-2.339114389767815,-0.3,102.4,0.0,1
M0621,S3,5.804285937820982,3742,5.71913209883622,-2,-0.8760622089255321,-0.1,187.1,0.0,0
M0622,S3,9.54111197729775,4398,7.914088511331566,14,4.85169073853308,0.7000000000000001,219.9,0.3183265120509322,0
M0623,S3,2.7866831982465574,1498,0.6436979560537337,-8,-2.8315007318724383,-0.4,74.9,0.0,1
M0624,S3,2.9124497712335624,4877,2.6711341535636706,-3,-1.0031220235096043,-0.15,243.85,0.0,1
M0625,S3,2.263579602100695,2198,0.7618940351124336,-6,-2.3028055557078915,-0.3,109.9,0.0,1
M0626,S3,3.4708549198850966,3842,3.47085491988511,0,0.0,0.0,192.1,0.0,1
M0627,S3,13.520595628014034,2195,1.5275348667816395,30,13.609369213902482,1.5,109.75,1.366742596810934,0
M0628,S3,6.911724753602138,4077,6.851772941182489,2,0.8524253736607079,0.1,203.85,0.049055678194751,0
M0629,S3,6.4322272818496815,3024,4.790565299887244,11,4.360058639530735,0.55,151.20000000000002,0.3637566137566138,0
M0630,S3,5.30480587436513,3021,2.0982749537425187,-11,-4.472074809451442,-0.55,151.05,0.0,0
M0631,S3,1.7983969002043114,2357,1.4886217802148722,-3,-1.0279470292007318,-0.15,117.85,0.0,1
M0632,S3,4.134476191555598,2137,3.4586826917733777,-5,-2.170175837826605,-0.25,106.85,0.0,1
M0633,S3,5.264432827998449,2976,5.159234723160283,2,0.8588156813113983,0.1,148.8,0.0672043010752688,0
M0635,S3,6.833531256422049,5332,2.626550444600622,13,6.515605537221745,0.65,266.6,0.2438109527381845,0
M0636,S3,2.5861459386790093,1298,2.1274729655877502,-3,-1.2990718616514414,-0.15,64.9,0.0,1
M0637,S3,3.630991607358188,2583,1.5257248604692448,-10,-3.2222185357786657,-0.5,129.15,0.0,1
M0638,S3,4.9369171421741145,2008,2.9121983159484817,10,3.9304932242399673,0.5,100.4,0.49800796812749,1
M0639,S3,0.5459839293801728,1099,0.413934692841305,1,0.4188365551275979,0.05,54.95,0.0909918107370336,1
M0640,S3,4.876074892364211,4087,2.245091723598004,-14,-4.433075675656028,-0.7000000000000001,204.35,0.0,1
M0641,S3,9.248885597556818,3220,0.2069236659947942,-22,-9.416653426432504,-1.1,161.0,0.0,0
M0642,S3,4.5985452694379685,2982,4.592490494382007,-1,-0.4709114225111079,-0.05,149.1,0.0,1
M0643,S3,6.67282694008592,4764,6.482797596203342,-4,-1.4883154265949088,-0.2,238.2,0.0,0
M0644,S3,7.755183747698652,3322,6.909806479226496,10,3.585763561715339,0.5,166.10000000000002,0.3010234798314268,0
M0645,S3,6.866433724129639,2487,5.980385566702698,-7,-3.327222383858043,-0.35,124.35,0.0,0
M0646,S3,0.514137692393209,4882,0.5141376923932083,0,0.0,0.0,244.1,0.0,1
M0647,S3,5.022918265285256,1705,3.421880706461687,-8,-3.958801394797888,-0.4,85.25,0.0,0
M0648,S3,5.259655266196572,4396,3.839013456975593,10,3.544244733516507,0.5,219.8,0.2274795268425841,0
M0649,S3,3.92082441899634,4454,3.739889960898304,-3,-1.0963036843061218,-0.15,222.7,0.0,1
M0651,S3,3.961820634809505,1341,1.5862651070414164,-7,-3.639125670847534,-0.35,67.05,0.0,1
M0652,S3,11.928224354683366,2969,11.05531369147711,12,3.960231711576512,0.6000000000000001,148.45000000000002,0.4041764904008083,0
M0653,S3,3.6525539583311577,4595,0.5214985368406083,9,3.5301768371402886,0.45,229.75,0.1958650707290533,1
M0654,S3,7.774281034564906,3223,0.8941773000729307,-18,-7.671671255498722,-0.9,161.15,0.0,0
M0655,S3,3.905174436388092,1738,0.7208141466565017,-8,-3.867915911951172,-0.4,86.9,0.0,1
M0656,S3,4.51270357582359,3598,3.478660906380161,7,3.1156774924866117,0.35,179.9,0.1945525291828793,1
M0657,S3,2.536055366879349,2806,2.2701464834980047,-3,-1.2201239797332164,-0.15,140.3,0.0,1
M0658,S3,6.536992125477247,4848,5.778345533731842,-7,-3.026734312555164,-0.35,242.4,0.0,0
M0659,S3,7.561065820593143,3317,6.158342327900597,9,4.202429920798977,0.45,165.85000000000002,0.271329514621646,0
M0660,S3,6.528524577811893,2649,5.81203916107455,-7,-2.704982847301494,-0.35,132.45000000000002,0.0,0
M0661,S3,5.406755001513932,3554,3.8509670878525735,12,4.276598750026324,0.6000000000000001,177.70000000000002,0.3376477208778841,0
M0662,S3,3.154083124654908,2575,2.059880863144141,-5,-2.4757146556119096,-0.25,128.75,0.0,1
M0663,S3,4.225638747670876,1370,1.550209206046307,-9,-3.838781151596322,-0.45,68.5,0.0,1
M0664,S3,6.575073194386928,1807,2.014564090282794,-13,-5.932528006614348,-0.65,90.35,0.0,0
M0665,S3,4.721284564215959,2808,1.035127233742989,-10,-4.746401460301286,-0.5,140.4,0.0,1
M0666,S3,2.522555009747461,1089,0.5416549995526829,-7,-2.368792241432459,-0.35,54.45,0.0,1
M0667,S3,0.840317065995714,4319,0.7045287314376683,-1,-0.4695235417621006,-0.05,215.95,0.0,1
M0668,S3,3.239718095580103,3420,2.411927976102563,-4,-1.938534846306993,-0.2,171.0,0.0,1
M0669,S3,3.300019786023188,1177,0.6680054024088611,-8,-3.042368838451239,-0.4,58.85,0.0,1
M0670,S3,6.54406374060958,2271,5.229801540738416,-13,-4.333868710506522,-0.65,113.55,0.0,0
M0671,S3,5.2017246711735545,1782,4.795938884362008,-4,-1.8640728614578848,-0.2,89.10000000000001,0.0,0
M0672,S3,4.282101065203663,1992,2.306714702545541,-10,-3.451593732170636,-0.5,99.6,0.0,1
M0673,S3,8.580510876158371,4075,2.6932028581209115,-19,-8.366843461118606,-0.95,203.75,0.0,0
M0674,S3,1.6307933961062435,3322,0.7523365111636565,4,1.3783532094919335,0.2,166.10000000000002,0.1204093919325707,1
M0675,S3,4.00190085001972,2589,3.1660278677211857,5,2.593400064648904,0.25,129.45000000000002,0.1931247585940517,1
M0676,S3,1.9978205131830653,4030,1.981959106709516,1,0.3234678292158151,0.05,201.5,0.0248138957816377,1
M0677,S3,4.425125072935557,4179,2.555511093106771,-10,-3.826723555728904,-0.5,208.95,0.0,1
M0678,S3,3.667760748459581,4259,3.619463602322336,2,0.7389548255482623,0.1,212.95,0.0469593801361822,1
M0679,S3,1.5266714349615016,2124,0.934957245441328,-4,-1.1615328837319794,-0.2,106.2,0.0,1
M0680,S3,2.7900451019231425,4684,0.6150235651273968,5,2.4648170329646746,0.25,234.2,0.1067463706233988,1
M0681,S3,8.396618961220657,2902,4.033559027812389,25,7.529875243377319,1.25,145.1,0.8614748449345279,0
M0682,S3,7.8948609970218016,4772,3.3654169202656843,-17,-7.023238624200985,-0.8500000000000001,238.6,0.0,0
M0683,S3,2.95071489239428,1493,0.8127077482203333,-9,-2.9059780011636462,-0.45,74.65,0.0,1
M0684,S3,3.6811030325026346,4848,3.1410934066933263,-4,-1.6487548033069288,-0.2,242.4,0.0,1
M0685,S3,6.791867644912027,1697,2.7958730167034758,15,6.283738595086902,0.75,84.85000000000001,0.8839127872716559,0
M0687,S3,6.433906696567083,2849,0.356027386885211,15,6.279452753328542,0.75,142.45000000000002,0.5265005265005265,0
M0688,S3,8.775933270328297,2314,0.8233953735139097,25,8.66230164701858,1.25,115.7,1.08038029386344,0
M0689,S3,4.307984613030804,1521,3.2458160932725906,5,2.60150081255631,0.25,76.05,0.3287310979618671,1
M0690,S3,4.533158377332002,5012,2.6600842531162963,-12,-3.768135433584348,-0.6000000000000001,250.6,0.0,1
M0691,S3,1.7460975710613,4694,1.5346161552636903,3,1.049711733828417,0.15,234.7,0.063911376224968,1
M0692,S3,4.496515653107916,1073,3.562023713790759,-6,-2.8336444844246103,-0.3,53.650000000000006,0.0,1
M0693,S3,3.290006052409902,3917,3.0419458995488333,3,1.0736228294670127,0.15,195.85,0.0765892264488128,1
M0694,S3,8.266364808826946,1792,7.965262488464853,4,2.077722927548052,0.2,89.60000000000001,0.2232142857142857,0
M0695,S3,4.027147590304252,3391,3.976760174571857,-2,-0.6335270419656354,-0.1,169.55,0.0,1
M0696,S3,5.3716267604134185,3621,5.364216212680458,-1,-0.463784429295174,-0.05,181.05,0.0,0
M0697,S3,3.7213412000630335,4396,1.2973042231338632,-7,-3.35993406032776,-0.35,219.8,0.0,1
M0698,S3,1.9890649008185093,4443,1.192274819272717,-3,-1.4610548877526526,-0.15,222.15,0.0,1
M0699,S3,8.5570288962242,2898,0.4190712880704769,-19,-8.339085456071189,-0.95,144.9,0.0,0
M0700,S3,3.876550364210158,3386,3.7167516808677705,3,1.2847376027268638,0.15,169.3,0.0886001181334908,1
M0701,S3,2.8183372402862674,1527,2.7367898227683494,2,0.837974553900267,0.1,76.35000000000001,0.1309757694826457,1
M0702,S3,1.8264344236391887,2818,1.777778103043774,1,0.3211068347511627,0.05,140.9,0.0354861603974449,1
M0703,S3,5.782271678947997,4337,5.631801647521479,3,1.3315874289155545,0.15,216.85,0.0691722388747982,0
M0704,S3,5.2281243697698985,2957,5.2281243697699,0,0.0,0.0,147.85,0.0,0
M0705,S3,5.9579669671568745,3283,5.83693790240375,4,1.2550439759374967,0.2,164.15,0.1218397806883947,0
M0706,S3,7.112628625550457,1244,1.2093134437618518,18,6.932550848830601,0.9,62.2,1.4469453376205788,0
M0707,S3,5.815720945159365,2810,5.738377710669417,-3,-1.0886993625679224,-0.15,140.5,0.0,0
M0708,S3,2.2782031065702872,4683,1.9175763829438843,3,1.3222682444138627,0.15,234.15,0.0640614990390775,1
M0709,S3,6.071442702754686,4643,2.335464990923181,12,5.850693913596842,0.6000000000000001,232.15,0.2584535860435064,0
M0710,S3,5.161448534663388,4639,5.135572321092623,-1,-0.4813225015959688,-0.05,231.95,0.0,0
M0711,S3,3.744756963609862,3087,2.03587157579962,-10,-3.224919605766672,-0.5,154.35000000000002,0.0,1
M0712,S3,5.419235853121992,1507,3.891578078248178,-8,-3.571811212574744,-0.4,75.35000000000001,0.0,0
M0713,S3,6.430538272684738,1179,2.9126101883369224,14,5.707823247058911,0.7000000000000001,58.95,1.1874469889737065,0
M0714,S3,2.978708346700192,1273,1.5469700060207623,-8,-2.682149513188847,-0.4,63.650000000000006,0.0,1
M0715,S3,1.5396603958485011,2519,0.712632690278953,3,1.3571437296325255,0.15,125.95,0.1190948789202064,1
M0716,S3,5.471848365534132,2208,3.035763862487084,11,4.61345668640854,0.55,110.4,0.4981884057971014,0
M0717,S3,6.34034572210769,958,5.445168034644966,-8,-3.1977273227579417,-0.4,47.900000000000006,0.0,0
M0718,S3,2.6978644302003367,2432,2.6978644302003367,0,0.0,0.0,121.6,0.0,1
M0719,S3,3.793935539662007,4799,2.4419359547151696,-6,-2.7674740898251,-0.3,239.95,0.0,1
M0720,S3,2.162561135116639,2277,2.162561135116639,0,0.0,0.0,113.85,0.0,1
M0721,S3,4.125320829365717,3318,3.694724718834013,5,1.768069327673402,0.25,165.9,0.1506931886678722,1
M0722,S3,4.888775688795063,2092,2.0654717011784967,-14,-4.5589531575080855,-0.7000000000000001,104.6,0.0,1
M0723,S3,7.881328815044768,3575,7.306404117528068,6,2.779436994167554,0.3,178.75,0.1678321678321678,0
M0724,S3,6.426675707425961,2565,4.29588624947536,11,4.9454791454872975,0.55,128.25,0.428849902534113,0
M0725,S3,8.030229150684658,2643,0.6700563738026966,-18,-8.183259297327822,-0.9,132.15,0.0,0
M0726,S3,4.691715884527584,1929,2.970441353824893,-7,-3.373551508968717,-0.35,96.45,0.0,1
M0727,S3,4.9614402646707525,4220,1.5030269070254516,12,4.905610276985044,0.6000000000000001,211.0,0.2843601895734597,1
M0728,S3,11.81769256179114,3896,0.928169136602674,27,11.722439360803037,1.35,194.8,0.6930184804928131,0
M0729,S3,2.3899375760967354,4312,2.209296304491601,-2,-0.97246844589381,-0.1,215.6,0.0,1
M0730,S3,6.690929212309893,2790,6.0272041905427045,-7,-2.8873293943854605,-0.35,139.5,0.0,0
M0731,S3,5.829095056263444,2012,3.3817137927091254,-15,-5.008666304775716,-0.75,100.6,0.0,0
M0732,S3,1.2043339303768146,4659,0.7539709675302215,3,0.919693128783365,0.15,232.95,0.0643915003219575,1
M0733,S3,6.121957303945619,4232,3.5318622291732047,12,4.864009013706209,0.6000000000000001,211.6,0.2835538752362949,0
M0734,S3,1.948982322113416,4098,1.7410640614365025,2,0.9743101502781428,0.1,204.9,0.0488042947779404,1
M0735,S3,3.630615564747687,3029,0.5785783222961134,10,3.723675899437694,0.5,151.45000000000002,0.3301419610432486,1
M0736,S3,5.1148816647520645,4360,4.104427105712243,13,4.005619565831921,0.65,218.0,0.2981651376146789,0
M0737,S3,5.081982968708401,1654,4.853992726256081,4,1.5587694075271656,0.2,82.7,0.2418379685610641,0
M0738,S3,1.8453556559040365,3740,0.4473069687359663,5,1.9464521429540584,0.25,187.0,0.1336898395721925,1
M0739,S3,5.564954427781242,3689,2.675713214710331,-14,-4.951280830438236,-0.7000000000000001,184.45,0.0,0
M0740,S3,4.276613764032447,3749,4.231554114209728,-2,-0.8119682503613603,-0.1,187.45,0.0,1
M0741,S3,5.507191357464108,3905,4.395099967323102,10,3.464738162075492,0.5,195.25,0.2560819462227913,0
M0743,S3,7.284111261414991,4706,6.860964208786325,6,2.516161527294571,0.3,235.3,0.1274968125796855,0
M0744,S3,5.982691272709719,1950,2.761599092147756,-16,-5.345097839607888,-0.8,97.5,0.0,0
M0745,S3,5.7726704852954684,1878,1.5557635940963446,-16,-5.866492354365846,-0.8,93.9,0.0,0
M0746,S3,6.338751327766448,1195,6.310931423929664,-2,-0.7673031119588813,-0.1,59.75,0.0,0
M0747,S3,1.917129574182872,4723,1.8720962313241805,1,0.4705954252021911,0.05,236.15,0.0211729832733432,1
M0748,S3,4.161636092422695,2931,3.759802101085264,5,1.7454388481913838,0.25,146.55,0.1705902422381439,1
M0749,S3,4.670146527232046,3417,4.579203152210034,2,0.7879633847824152,0.1,170.85000000000002,0.0585308750365817,1
M0750,S3,1.2577797429801705,1791,1.2154733835510505,-1,-0.4353517099900728,-0.05,89.55000000000001,0.0,1
M0751,S3,4.798979086059134,1850,4.466217507077827,-6,-1.9558169243535983,-0.3,92.5,0.0,1
M0752,S3,1.292905783420241,2330,1.292905783420241,0,0.0,0.0,116.5,0.0,1
M0753,S3,6.020742251934954,4324,5.969414799388681,-2,-0.825305479406552,-0.1,216.2,0.0,0
M0754,S3,4.2948884729572026,3558,2.223342877720192,8,3.5086142727466267,0.4,177.9,0.2248454187745924,1
M0755,S3,11.81070331227323,3267,3.995641352406013,-32,-10.729640040870663,-1.6,163.35000000000002,0.0,0
M0756,S3,2.98371979404817,1472,2.241061075520853,-6,-2.0724181559679664,-0.3,73.60000000000001,0.0,1
M0757,S3,3.787173551598016,3498,3.5597790188723404,-4,-1.515403381087708,-0.2,174.9,0.0,1
M0758,S3,10.299383096954214,3899,7.666012068378623,18,6.258888409889096,0.9,194.95,0.4616568350859195,0
M0759,S3,3.0483904214565647,1357,2.9641243567752635,-2,-0.7702564739246327,-0.1,67.85000000000001,0.0,1
M0760,S3,5.045451572090268,1983,2.832697909964133,-13,-4.294516867394464,-0.65,99.15,0.0,0
M0761,S3,2.813375482431064,2363,0.2284293628432272,-6,-2.5967797779497914,-0.3,118.15,0.0,1
M0762,S3,2.074277190790775,3576,1.5616423249734082,4,1.466431111339034,0.2,178.8,0.1118568232662192,1
M0763,S3,7.654415832481335,1867,7.598436261767968,-2,-0.8333528114776527,-0.1,93.35,0.0,0
M0765,S3,0.7442973748174839,4194,0.1145534928074893,2,0.6548304045131772,0.1,209.7,0.0476871721506914,1
M0766,S3,4.027876734393384,2938,2.2205140726210324,10,3.330477542183985,0.5,146.9,0.3403675970047651,1
M0767,S3,1.1900523049097438,995,0.1594440957019238,-3,-1.3489781131926293,-0.15,49.75,0.0,1
M0768,S3,3.359799855704856,2583,3.1325440450543964,2,1.0148340469249888,0.1,129.15,0.0774293457220286,1
M0769,S3,12.689580233247687,3579,1.130536636296851,26,12.337759202947382,1.3,178.95000000000002,0.726459905001397,0
M0770,S3,3.449187514883617,5215,0.6800467770770267,-11,-3.4022517472219533,-0.55,260.75,0.0,1
M0771,S3,5.424956091711289,2574,0.8796976522938484,-14,-5.226440643556771,-0.7000000000000001,128.70000000000002,0.0,0
M0772,S3,7.944311873446457,3544,3.810693136385206,22,7.070878746519838,1.1,177.20000000000002,0.6207674943566591,0
M0773,S3,7.481180481856147,2603,2.55093383006399,15,6.985689698335364,0.75,130.15,0.5762581636573185,0
M0774,S3,1.5730361191748274,4284,1.5730361191748274,0,0.0,0.0,214.2,0.0,1
M0775,S3,4.535316437214993,3972,1.7250905572597786,11,4.156829753018201,0.55,198.6,0.2769385699899295,1
M0776,S3,5.33558959620043,3398,5.192516922990029,3,1.1876920301806422,0.15,169.9,0.0882872277810476,0
M0777,S3,3.843865567551745,1996,0.4945138383669527,10,3.6900408783076273,0.5,99.8,0.501002004008016,1
M0778,S3,5.11925339643938,1249,3.478406506101104,-8,-3.6625230768506754,-0.4,62.45,0.0,0
M0779,S3,18.032212642623115,2983,13.470008977722298,19,8.598707680172765,0.95,149.15,0.6369426751592356,0
M0780,S3,10.152185981222097,1292,6.341144088166424,15,7.304233277539652,0.75,64.60000000000001,1.1609907120743037,0
M0781,S3,3.626982179628317,4563,3.5900421239069567,2,0.7300980650229576,0.1,228.15,0.0438308130615822,1
M0782,S3,4.152470471760562,1361,3.748235258440751,-3,-1.5692186380960038,-0.15,68.05,0.0,1
M0783,S3,10.854644832490328,2158,5.927850443107863,22,7.529401902962718,1.1,107.9,1.0194624652455977,0
M0784,S3,3.101304468134908,2975,3.0894286761317606,-1,-0.4020744082743022,-0.05,148.75,0.0,1
M0785,S3,3.2443919609996743,1094,0.729221909171213,-6,-3.0197419702928983,-0.3,54.7,0.0,1
M0786,S3,7.218753550942614,2894,6.605619193247676,-9,-2.9743042131725588,-0.45,144.70000000000002,0.0,0
M0787,S3,12.063999976295715,5211,3.291347682924452,-33,-11.073104788451246,-1.65,260.55,0.0,0
M0789,S3,3.1117170198894053,3736,0.055599537058386,-8,-3.06047892544143,-0.4,186.8,0.0,1
M0790,S3,4.505699217295776,2817,2.877005435189904,8,3.3395572146064296,0.4,140.85,0.2839900603478878,1
M0791,S3,6.484248754581588,1140,6.466574909704199,-1,-0.4448566616148923,-0.05,57.0,0.0,0
M0792,S3,5.835787160238287,2782,5.835787160238287,0,0.0,0.0,139.1,0.0,0
M0793,S3,12.78343394637677,3009,0.6284700688600364,26,12.808917584370192,1.3,150.45000000000002,0.8640744433366567,0
M0794,S3,5.042277363058965,4957,5.03146885206101,1,0.4088431390041478,0.05,247.85,0.0201734920314706,0
M0795,S3,5.387067843450659,2971,5.35660499852233,-1,-0.4666257866085743,-0.05,148.55,0.0,0
M0796,S3,5.830110978573291,1752,5.783011517496685,2,0.9623780474404384,0.1,87.60000000000001,0.1141552511415525,0
M0797,S3,3.607535936672434,2555,1.7767048695212304,9,3.04554009698586,0.45,127.75,0.3522504892367906,1
M0798,S3,2.79088865116356,1201,2.734680712389276,1,0.4617670275221144,0.05,60.05,0.0832639467110741,1
M0799,S3,15.924968750209173,3950,12.194121361764491,24,9.176334326281449,1.2000000000000002,197.5,0.6075949367088608,0
M0800,S3,5.389821981822312,2286,3.8935608542735896,8,3.9829726480945737,0.4,114.3,0.3499562554680664,0
M0801,S3,2.241792636198022,4102,1.9322477677521248,-3,-1.1455464969155855,-0.15,205.1,0.0,1
M0802,S3,1.0086311396125636,1451,1.0086311396125578,0,0.0,0.0,72.55,0.0,1
M0803,S3,2.2731162397325004,3814,2.230543333383797,-2,-0.6205274725491563,-0.1,190.7,0.0,1
M0804,S3,5.636690189989573,4089,3.3240077931617598,11,4.40273068284705,0.55,204.45,0.2690144289557349,0
M0805,S3,0.8302108658863604,3462,0.1549454541623843,2,0.8398406966664425,0.1,173.10000000000002,0.0577700751010976,1
M0806,S3,9.627053293567856,1175,0.86315222043995,-27,-9.605074376770972,-1.35,58.75,0.0,0
M0807,S3,5.955247605536696,2087,5.83179131779028,3,1.289494157884178,0.15,104.35,0.1437470052707235,0
M0808,S3,0.6170395007095644,3327,0.5459868740329413,-1,-0.461284660779711,-0.05,166.35000000000002,0.0,1
M0809,S3,5.553083889647959,2169,4.689829944276313,-7,-2.826053186786112,-0.35,108.45,0.0,0
M0810,S3,3.3251466615804603,1916,2.6368867121978954,-6,-1.9729077271651927,-0.3,95.8,0.0,1
M0811,S3,7.761229898660332,3520,6.948952116589929,-11,-3.382027803614619,-0.55,176.0,0.0,0
M0812,S3,1.577706005903201,3288,1.540590768738708,-1,-0.4718096773142406,-0.05,164.4,0.0,1
M0813,S3,5.563870616917066,3180,5.541842570601187,1,0.472803529746443,0.05,159.0,0.0314465408805031,0
M0814,S3,6.622790130987567,3445,2.2187764446813265,-13,-6.009449027211076,-0.65,172.25,0.0,0
M0815,S3,6.124515919015896,1664,2.9719933826417195,12,5.432625722057651,0.6000000000000001,83.2,0.7211538461538461,0
M0816,S3,8.508187700193199,3154,2.315909677531756,19,7.999639085149511,0.95,157.70000000000002,0.6024096385542169,0
M0817,S3,4.355656423998817,3165,3.465914852480632,5,2.5392579456979547,0.25,158.25,0.1579778830963665,1
M0818,S3,7.244925596081088,4366,0.4220163072989993,-16,-7.415052805128198,-0.8,218.3,0.0,0
M0819,S3,3.4984261679210795,3712,2.9238909232239085,4,1.8423604059112224,0.2,185.6,0.1077586206896551,1
M0820,S3,1.0811928124553871,4670,1.0811928124553871,0,0.0,0.0,233.5,0.0,1
M0821,S3,1.521082263676116,2713,1.003562699897638,4,1.1820319953775424,0.2,135.65,0.1474382602285293,1
M0822,S3,5.313167036474186,1649,5.210313241958362,3,0.987303218392526,0.15,82.45,0.1819284414796846,0
M0823,S3,4.118444141053279,3269,2.637900444512,-9,-3.3061854821719407,-0.45,163.45000000000002,0.0,1
M0824,S3,3.517656243879676,2696,1.1073958417872252,9,3.2413339047436693,0.45,134.8,0.3338278931750741,1
M0825,S3,5.127123070971269,3929,4.962491409840989,-3,-1.2831844744162026,-0.15,196.45,0.0,0
M0826,S3,1.0205791526310877,3714,0.1359607238074399,-3,-1.0162133127084871,-0.15,185.7,0.0,1
M0827,S3,10.55040034757041,3835,7.598048863642525,19,6.728421216542074,0.95,191.75,0.4954367666232073,0
M0828,S3,3.0247504333009814,1880,0.3644080237643431,-6,-2.862708850784884,-0.3,94.0,0.0,1
M0829,S3,4.244162686430679,3380,4.244162686430679,0,0.0,0.0,169.0,0.0,1
M0830,S3,1.567128118743789,2148,0.3910799301735418,-4,-1.5829350264883717,-0.2,107.4,0.0,1
M0831,S3,9.305462863066904,2038,8.291129496821673,10,3.9838227632415055,0.5,101.9,0.4906771344455348,0
M0832,S3,4.758642140133926,2632,4.174650738628501,-5,-2.482942142826005,-0.25,131.6,0.0,1
M0833,S3,0.1401328167794029,4843,0.1401328167794029,0,0.0,0.0,242.15,0.0,1
M0834,S3,5.018198437651734,2809,4.355282511927106,-5,-2.39741354089324,-0.25,140.45000000000002,0.0,0
M0835,S3,0.598715378008418,4069,0.1288955939310958,-1,-0.469983021343296,-0.05,203.45,0.0,1
M0836,S3,4.885283790396413,2225,0.9503174328237434,15,4.837907400479253,0.75,111.25,0.6741573033707865,1
M0837,S3,3.3356724173287806,3198,3.260929688717695,2,0.6408120304305385,0.1,159.9,0.0625390869293308,1
M0838,S3,0.515544084328591,2934,0.3117910031306038,1,0.3171165914684479,0.05,146.70000000000002,0.0340831629175187,1
M0839,S3,5.505796638676568,3737,3.409358089344976,11,4.39205206695101,0.55,186.85,0.2943537597002943,0
M0840,S3,4.089056543278112,1836,3.82295005054918,-4,-1.483881791365434,-0.2,91.8,0.0,1
M0841,S3,0.7272238664761163,4219,0.7272238664761163,0,0.0,0.0,210.95,0.0,1
M0842,S3,9.845811299064389,4144,5.514259660950499,22,7.987387256864622,1.1,207.2,0.5308880308880309,0
M0843,S3,5.473637348015797,2585,5.401954504266184,-3,-0.9712228171158586,-0.15,129.25,0.0,0
M0844,S3,2.435964783784459,2194,0.956105370683162,-5,-2.327147515760089,-0.25,109.7,0.0,1
M0845,S3,6.182080260957204,4765,5.30353203645876,7,3.2806724296692664,0.35,238.25,0.1469045120671563,0
M0846,S3,2.455665125477831,3189,2.44881730521434,-1,-0.3307104015439108,-0.05,159.45000000000002,0.0,1
M0847,S3,7.148481948238329,3572,6.548569054593299,9,2.9121080831723702,0.45,178.60000000000002,0.251959686450168,0
M0848,S3,6.672683607652784,1261,3.104624904876345,13,6.1324200832006,0.65,63.05,1.0309278350515465,0
M0849,S3,2.057010842359845,3747,1.998073951246984,-1,-0.4171765690382472,-0.05,187.35,0.0,1
M0851,S3,9.220213406562364,3514,7.842425892794544,10,4.264034998167972,0.5,175.70000000000002,0.2845759817871371,0
M0852,S3,0.8823730168810424,2204,0.1015377167033237,-3,-0.9651019236561068,-0.15,110.2,0.0,1
M0853,S3,1.271741544574062,1190,0.8800702811221025,2,0.9930242040862822,0.1,59.5,0.1680672268907563,1
M0854,S3,1.607360397522226,1956,0.1358683451408729,-4,-1.7137556803082816,-0.2,97.8,0.0,1
M0855,S3,4.445981080930861,1044,3.951028355525777,5,2.3097379940739984,0.25,52.2,0.4789272030651341,1
M0856,S3,6.380631173443312,1501,2.845070492176556,-14,-5.729650632964081,-0.7000000000000001,75.05,0.0,0
M0857,S3,2.275973730750259,1953,0.885681995278142,5,2.179968606018633,0.25,97.65,0.2560163850486431,1
M0858,S3,1.1674669903506545,4491,0.9515923085023746,2,0.8471920537176629,0.1,224.55,0.0445335114673792,1
M0859,S3,6.255224244722252,2076,5.390744511193939,8,3.235014003709012,0.4,103.8,0.3853564547206166,0
M0860,S3,9.452448154575086,3445,3.6908424353847353,22,8.351275545966018,1.1,172.25,0.6386066763425254,0
M0861,S3,6.333125288784073,3968,2.496555167715814,18,5.967169788031697,0.9,198.4,0.4536290322580645,0
M0862,S3,3.812084064567717,2172,3.801762783161261,-1,-0.3506609904133029,-0.05,108.6,0.0,1
M0863,S3,3.704917905334642,4487,2.6141128357006806,6,2.4752163084701806,0.3,224.35,0.1337196344996657,1
M0864,S3,7.451376057904482,4397,7.403952228508669,3,0.9013510257652796,0.15,219.85,0.0682283375028428,0
M0865,S3,5.429827246249441,1362,5.136852485330928,-4,-1.6920538272778458,-0.2,68.10000000000001,0.0,0
M0866,S3,3.727525049385764,4385,3.727525049385764,0,0.0,0.0,219.25,0.0,1
M0867,S3,1.2640263506523235,1877,0.7228701323812605,-3,-1.096446936010807,-0.15,93.85,0.0,1
M0868,S3,5.21446077824908,4003,2.3427056190169355,13,4.67962214864383,0.65,200.15,0.3247564326754933,0
M0869,S3,2.2602952430974863,1358,0.2199147373655916,-6,-2.3174125661471976,-0.3,67.9,0.0,1
M0870,S3,1.19048527623119,2626,1.1025843157185058,-2,-0.6216115988682986,-0.1,131.3,0.0,1
M0871,S3,3.677814444273789,4111,3.293210317417488,-5,-1.504975319201776,-0.25,205.55,0.0,1
M0872,S3,3.795460229344298,3950,3.614937966663205,3,1.302420663643261,0.15,197.5,0.0759493670886076,1
M0873,S3,4.312078521567476,1325,1.1393889739118084,-9,-3.957068978151483,-0.45,66.25,0.0,1
M0874,S3,5.0853705886805125,4273,5.027528324534058,-2,-0.7015841179286326,-0.1,213.65,0.0,0
M0875,S3,2.814037068697769,1562,2.814037068697769,0,0.0,0.0,78.10000000000001,0.0,1
M0876,S3,10.274973325544126,3491,5.939432439824702,24,7.736950926328291,1.2000000000000002,174.55,0.6874820968203953,0
M0878,S3,9.017081925421,2876,5.231116254142167,18,7.1158396224604985,0.9,143.8,0.6258692628650904,0
M0879,S3,2.2682100417483024,4052,2.2682100417483024,0,0.0,0.0,202.6,0.0,1
M0880,S3,19.670927353822407,2578,14.37141688296326,25,10.135139497257796,1.25,128.9,0.969743987587277,0
M0881,S3,3.472183237088384,2366,1.73697858940213,-6,-2.9247539444450013,-0.3,118.3,0.0,1
M0882,S3,2.111543812636837,1707,1.5327858324342545,-4,-1.4569396219726514,-0.2,85.35000000000001,0.0,1
M0883,S3,5.624945648786752,3192,5.404597666779059,-4,-1.5477458416680747,-0.2,159.60000000000002,0.0,0
M0884,S3,2.533470475284185,3690,2.175956239728919,-4,-1.5550682462028362,-0.2,184.5,0.0,1
M0885,S3,3.617347394003801,3737,3.467635227042208,3,1.0311134830719766,0.15,186.85,0.0802782981000802,1
M0886,S3,3.782341681063587,1214,3.62539938153823,3,1.2301327287378283,0.15,60.7,0.2471169686985173,1
M0887,S3,3.898141539156685,4889,0.7238488476525398,-9,-4.034861459654167,-0.45,244.45,0.0,1
M0888,S3,7.124519184841621,2007,0.0943537635156602,-17,-7.134728989971109,-0.8500000000000001,100.35,0.0,0
M0889,S3,5.940178284253986,3115,5.515383684763985,-5,-2.2617778908013406,-0.25,155.75,0.0,0
M0890,S3,3.6763644445355297,4281,0.856753690730876,-9,-3.8056107573402183,-0.45,214.05,0.0,1
M0891,S3,4.825225471493589,1653,4.822638107195474,-1,-0.404451206101271,-0.05,82.65,0.0,1
M0892,S3,3.050912148171408,2823,2.8635459276114665,2,0.9838534348998564,0.1,141.15,0.0708466170740347,1
M0893,S3,8.372383985856523,1087,0.2696735724021565,-19,-8.20932969039552,-0.95,54.35,0.0,0
M0894,S3,6.574157993321187,2451,6.549865168091364,-1,-0.4188568960742032,-0.05,122.55,0.0,0
M0895,S3,9.33853198988421,3167,6.616072492105544,15,6.229589030384432,0.75,158.35000000000002,0.473634354278497,0
M0896,S3,14.54924531335188,1654,8.459395914063396,28,9.755893989947594,1.4,82.7,1.692865779927449,0
M0897,S3,3.5287039670639864,1731,1.0124520607489074,-10,-3.511264382563695,-0.5,86.55000000000001,0.0,1
M0898,S3,3.4668892262906894,1226,0.7880611017292166,-12,-3.447105074297042,-0.6000000000000001,61.3,0.0,1
M0899,S3,3.770359943407738,3740,1.7242472813143637,-12,-3.4541453047115738,-0.6000000000000001,187.0,0.0,1
